ID	Name	Phyla	Class	Order	Family	Genus
BH3	Ochrobactrum pituitosum	Pseudomonadota	Alphaproteobacteria	Hyphomicrobiales	Brucellaceae	Ochrobactrum
BIGb0098	Unclassified Yersiniaceae	Pseudomonadota	Gammaproteobacteria	Enterobacterales	Yersiniaceae	Unclassified Yersiniaceae
BIGb0099						
BIGb0100	Serratia sp.	Pseudomonadota	Gammaproteobacteria	Enterobacterales	Yersiniaceae	Serratia
BIGb0101	Unclassified Enterobacterales	Pseudomonadota	Gammaproteobacteria	Enterobacterales	Unclassified Enterobacterales	Unclassified Enterobacterales
BIGb0102	Acinetobacter vivianii	Pseudomonadota	Gammaproteobacteria	Moraxellales	Moraxellaceae	Acinetobacter
BIGb0103	Herminiimonas sp.					
BIGb0104						
BIGb0105	Stenotrophomonas sp.	Pseudomonadota	Gammaproteobacteria	Xanthomonadales	Xanthomonadaceae	Stenotrophomonas
BIGb0106	Leucobacter luti	Actinomycetota	Actinomycetes	Micrococcales	Microbacteriaceae	Leucobacter
BIGb0107	Very Bad 16S					
BIGb0108						
BIGb0109	Xanthomonas					
BIGb0110	Very Bad 16S					
BIGb0111						
BIGb0112	Rahnella aceris	Pseudomonadota	Gammaproteobacteria	Enterobacterales	Yersiniaceae	Rahnella1
BIGb0113	Serratia sp.	Pseudomonadota	Gammaproteobacteria	Enterobacterales	Yersiniaceae	Serratia
BIGb0114	Serratia sp.	Pseudomonadota	Gammaproteobacteria	Enterobacterales	Yersiniaceae	Serratia
BIGb0115	Leucobacter sp.	Actinomycetota	Actinomycetes	Micrococcales	Microbacteriaceae	Leucobacter
BIGb0116	Sphingobacterium siyangense	Bacteroidota	Sphingobacteriia	Sphingobacteriales	Sphingobacteriaceae	Sphingobacterium
BIGb0117	Leucobacter sp.	Actinomycetota	Actinomycetes	Micrococcales	Microbacteriaceae	Leucobacter
BIGb0118						
BIGb0119	Klebsiella terrigena	Pseudomonadota	Gammaproteobacteria	Enterobacterales	Enterobacteriaceae	Raoultella
BIGb0120	Unclassified Enterobacterales	Pseudomonadota	Gammaproteobacteria	Enterobacterales	Unclassified Enterobacterales	Unclassified Enterobacterales
BIGb0121						
BIGb0122	Serratia sp.	Pseudomonadota	Gammaproteobacteria	Enterobacterales	Yersiniaceae	Serratia
BIGb0123	Serratia sp.	Pseudomonadota	Gammaproteobacteria	Enterobacterales	Yersiniaceae	Serratia
BIGb0124	Comamonas_F sediminis	Pseudomonadota	Betaproteobacteria	Burkholderiales	Comamonadaceae	Unclassified Comamonadaceae
BIGb0125	Agrobacterium sp014851585	Pseudomonadota	Alphaproteobacteria	Hyphomicrobiales	Rhizobiaceae	Rhizobium
BIGb0126						
BIGb0127	Raoultella sp.	Pseudomonadota	Gammaproteobacteria	Enterobacterales	Enterobacteriaceae	Raoultella
BIGb0128						
BIGb0129	Serratia sp.	Pseudomonadota	Gammaproteobacteria	Enterobacterales	Yersiniaceae	Serratia
BIGb0130						
BIGb0131	Raoultella sp.	Pseudomonadota	Gammaproteobacteria	Enterobacterales	Enterobacteriaceae	Raoultella
BIGb0132	Klebsiella terrigena	Pseudomonadota	Gammaproteobacteria	Enterobacterales	Enterobacteriaceae	Raoultella
BIGb0133	Leucobacter sp.	Actinomycetota	Actinomycetes	Micrococcales	Microbacteriaceae	Leucobacter
BIGb0134						
BIGb0135	Stenotrophomonas maltophilia_AB	Pseudomonadota	Gammaproteobacteria	Xanthomonadales	Xanthomonadaceae	Stenotrophomonas
BIGb0136						
BIGb0137	Raoultella sp.	Pseudomonadota	Gammaproteobacteria	Enterobacterales	Enterobacteriaceae	Raoultella
BIGb0138	Klebsiella sp004342285	Pseudomonadota	Gammaproteobacteria	Enterobacterales	Enterobacteriaceae	Raoultella
BIGb0139	Serratia sp.	Pseudomonadota	Gammaproteobacteria	Enterobacterales	Yersiniaceae	Serratia
BIGb0140	Serratia sp.	Pseudomonadota	Gammaproteobacteria	Enterobacterales	Yersiniaceae	Serratia
BIGb0141	Unclassified Enterobacteria 	Pseudomonadota	Gammaproteobacteria	Enterobacterales	Unclassified Enterobacterales	Unclassified Enterobacterales
BIGb0142	Unclassified Enterobacteria 	Pseudomonadota	Gammaproteobacteria	Enterobacterales	Unclassified Enterobacterales	Unclassified Enterobacterales
BIGb0143	Unclassified Enterobacteria 	Pseudomonadota	Gammaproteobacteria	Enterobacterales	Unclassified Enterobacterales	Unclassified Enterobacterales
BIGb0144	Serratia sp.	Pseudomonadota	Gammaproteobacteria	Enterobacterales	Yersiniaceae	Serratia
BIGb0145	Stenotrophomonas rhizophila_B	Pseudomonadota	Gammaproteobacteria	Xanthomonadales	Xanthomonadaceae	Stenotrophomonas
BIGb0146	Serratia sp.	Pseudomonadota	Gammaproteobacteria	Enterobacterales	Yersiniaceae	Serratia
BIGb0147	Unclassified Enterobacteria 	Pseudomonadota	Gammaproteobacteria	Enterobacterales	Enterobacteriaceae	Unclassified Enterobacteriaceae
BIGb0148	Unclassified Enterobacteria 	Pseudomonadota	Gammaproteobacteria	Enterobacterales	Enterobacteriaceae	Unclassified Enterobacteriaceae
BIGb0149	Klebsiella terrigena	Pseudomonadota	Gammaproteobacteria	Enterobacterales	Enterobacteriaceae	Raoultella
BIGb0150	Unclassified Enterobacteria 	Pseudomonadota	Gammaproteobacteria	Enterobacterales	Enterobacteriaceae	Unclassified Enterobacteriaceae
BIGb0151	Serratia sp.	Pseudomonadota	Gammaproteobacteria	Enterobacterales	Yersiniaceae	Serratia
BIGb0152	Comamonas sp.	Pseudomonadota	Betaproteobacteria	Burkholderiales	Comamonadaceae	Comamonas
BIGb0153	Serratia sp.	Pseudomonadota	Gammaproteobacteria	Enterobacterales	Yersiniaceae	Serratia
BIGb0154	Serratia sp.	Pseudomonadota	Gammaproteobacteria	Enterobacterales	Yersiniaceae	Serratia
BIGb0155	Serratia sp.	Pseudomonadota	Gammaproteobacteria	Enterobacterales	Yersiniaceae	Serratia
BIGb0156	Scandinavium goeteborgense	Pseudomonadota	Gammaproteobacteria	Enterobacterales	Yersiniaceae	Serratia
BIGb0157	Citrobacter sp.	Pseudomonadota	Gammaproteobacteria	Enterobacterales	Enterobacteriaceae	Unclassified Enterobacteriaceae
BIGb0158	Serratia sp.	Pseudomonadota	Gammaproteobacteria	Enterobacterales	Yersiniaceae	Serratia
BIGb0159	Citrobacter sp.	Pseudomonadota	Gammaproteobacteria	Enterobacterales	Enterobacteriaceae	Unclassified Enterobacteriaceae
BIGb0160	Unclassified Yersiniaceae	Pseudomonadota	Gammaproteobacteria	Enterobacterales	Yersiniaceae	Unclassified Yersiniaceae
BIGb0161	Citrobacter sp.	Pseudomonadota	Gammaproteobacteria	Enterobacterales	Enterobacteriaceae	Unclassified Enterobacteriaceae
BIGb0162	Serratia sp.	Pseudomonadota	Gammaproteobacteria	Enterobacterales	Yersiniaceae	Serratia
BIGb0163	Serratia quinivorans	Pseudomonadota	Gammaproteobacteria	Enterobacterales	Yersiniaceae	Serratia
BIGb0164	Pseudomonas_E sp013386585	Pseudomonadota	Gammaproteobacteria	Pseudomonadales	Pseudomonadaceae	Pseudomonas
BIGb0165	Sphingobacterium detergens	Bacteroidota	Sphingobacteriia	Sphingobacteriales	Sphingobacteriaceae	Sphingobacterium
BIGb0166	Sphingobacterium sp.	Bacteroidota	Sphingobacteriia	Sphingobacteriales	Sphingobacteriaceae	Sphingobacterium
BIGb0167	Stenotrophomonas sp.	Pseudomonadota	Gammaproteobacteria	Xanthomonadales	Xanthomonadaceae	Stenotrophomonas
BIGb0168	Citrobacter sp.	Pseudomonadota	Gammaproteobacteria	Enterobacterales	Enterobacteriaceae	Unclassified Enterobacteriaceae
BIGb0169						
BIGb0170	Sphingobacterium multivorum	Bacteroidota	Sphingobacteriia	Sphingobacteriales	Sphingobacteriaceae	Sphingobacterium
BIGb0171	Unclassified Enterobacteria 	Pseudomonadota	Gammaproteobacteria	Enterobacterales	Unclassified Enterobacterales	Unclassified Enterobacterales
BIGb0172	Comamonas piscis	Pseudomonadota	Betaproteobacteria	Burkholderiales	Comamonadaceae	Comamonas
BIGb0173	Lactococcus sp.	Bacillota	Bacilli	Lactobacillales	Streptococcaceae	Lactococcus
BIGb0174						
BIGb0175	Serratia sp.	Pseudomonadota	Gammaproteobacteria	Enterobacterales	Yersiniaceae	Serratia
BIGb0176	Pseudomonas_E protegens	Pseudomonadota	Gammaproteobacteria	Pseudomonadales	Pseudomonadaceae	Pseudomonas
BIGb0177	Pseudomonas sp.	Pseudomonadota	Gammaproteobacteria	Pseudomonadales	Pseudomonadaceae	Pseudomonas
BIGb0178	Serratia sp.	Pseudomonadota	Gammaproteobacteria	Enterobacterales	Yersiniaceae	Serratia
BIGb0179	Pseudomonas sp.	Pseudomonadota	Gammaproteobacteria	Pseudomonadales	Pseudomonadaceae	Pseudomonas
BIGb0180	Pseudomonas sp.	Pseudomonadota	Gammaproteobacteria	Pseudomonadales	Pseudomonadaceae	Pseudomonas
BIGb0181	Pseudomonas sp.	Pseudomonadota	Gammaproteobacteria	Pseudomonadales	Pseudomonadaceae	Pseudomonas
BIGb0182	Pseudomonas sp.	Pseudomonadota	Gammaproteobacteria	Pseudomonadales	Pseudomonadaceae	Pseudomonas
BIGb0183	Raoultella sp.	Pseudomonadota	Gammaproteobacteria	Enterobacterales	Enterobacteriaceae	Raoultella
BIGb0184	Raoultella sp.	Pseudomonadota	Gammaproteobacteria	Enterobacterales	Enterobacteriaceae	Raoultella
BIGb0185	Serratia sp.	Pseudomonadota	Gammaproteobacteria	Enterobacterales	Yersiniaceae	Serratia
BIGb0186	Chryseobacterium indoltheticum	Bacteroidota	Flavobacteriia	Flavobacteriales	Weeksellaceae	Chryseobacterium
BIGb0187	Serratia sp.	Pseudomonadota	Gammaproteobacteria	Enterobacterales	Yersiniaceae	Serratia
BIGb0188	Raoultella terrigena	Pseudomonadota	Gammaproteobacteria	Enterobacterales	Enterobacteriaceae	Raoultella
BIGb0189	Mycetocola lacteus	Actinomycetota	Actinomycetes	Micrococcales	Microbacteriaceae	Mycetocola
BIGb0190	Raoultella sp.	Pseudomonadota	Gammaproteobacteria	Enterobacterales	Enterobacteriaceae	Unclassified Enterobacteriaceae
BIGb0191	Very Bad 16S sequence					
BIGb0192	Very Bad 16S sequence					
BIGb0193	Erwinia rhapontici	Pseudomonadota	Gammaproteobacteria	Enterobacterales	Erwiniaceae	Erwinia
BIGb0194	Acinetobacter sp.	Pseudomonadota	Gammaproteobacteria	Moraxellales	Moraxellaceae	Acinetobacter
BIGb0195	Lactococcus sp.	Bacillota	Bacilli	Lactobacillales	Streptococcaceae	Lactococcus
BIGb0196	Acinetobacter guillouiae	Pseudomonadota	Gammaproteobacteria	Moraxellales	Moraxellaceae	Acinetobacter
BIGb0197	Acinetobacter sp.	Pseudomonadota	Gammaproteobacteria	Moraxellales	Moraxellaceae	Acinetobacter
BIGb0198	Pseudomonas sp.	Pseudomonadota	Gammaproteobacteria	Pseudomonadales	Pseudomonadaceae	Pseudomonas
BIGb0199	Lactococcus sp.	Bacillota	Bacilli	Lactobacillales	Streptococcaceae	Lactococcus
BIGb0200	Enterobacter sp.	Pseudomonadota	Gammaproteobacteria	Enterobacterales	Enterobacteriaceae	Unclassified Enterobacteriaceae
BIGb0201	Pseudomonas sp.	Pseudomonadota	Gammaproteobacteria	Pseudomonadales	Pseudomonadaceae	Pseudomonas
BIGb0202	Acinetobacter sp.	Pseudomonadota	Gammaproteobacteria	Moraxellales	Moraxellaceae	Acinetobacter
BIGb0203	Myroides odoratum	Bacteroidota	Flavobacteriia	Flavobacteriales	Flavobacteriaceae	Myroides
BIGb0204	Acinetobacter guillouiae	Pseudomonadota	Gammaproteobacteria	Moraxellales	Moraxellaceae	Acinetobacter
BIGb0205	Acinetobacter sp.	Pseudomonadota	Gammaproteobacteria	Moraxellales	Moraxellaceae	Acinetobacter
BIGb0206	Acinetobacter guillouiae	Pseudomonadota	Gammaproteobacteria	Moraxellales	Moraxellaceae	Acinetobacter
BIGb0207	Very Bad 16S sequence					
BIGb0208	Lactococcus sp.	Bacillota	Bacilli	Lactobacillales	Streptococcaceae	Lactococcus
BIGb0209	Unclassified Enterobacteriaceae	Pseudomonadota	Gammaproteobacteria	Enterobacterales	Enterobacteriaceae	Unclassified Enterobacteriaceae
BIGb0210	Lelliottia sp.	Pseudomonadota	Gammaproteobacteria	Enterobacterales	Enterobacteriaceae	Lelliottia
BIGb0211	Unclassified Enterobacteriaceae	Pseudomonadota	Gammaproteobacteria	Enterobacterales	Enterobacteriaceae	Unclassified Enterobacteriaceae
BIGb0212	Sphingobacterium	Bacteroidota	Sphingobacteriia	Sphingobacteriales	Sphingobacteriaceae	Sphingobacterium
BIGb0213	Serratia sp.	Pseudomonadota	Gammaproteobacteria	Enterobacterales	Yersiniaceae	Serratia
BIGb0214	Myroides sp.	Bacteroidota	Flavobacteriia	Flavobacteriales	Flavobacteriaceae	Myroides
BIGb0215	Chryseobacterium nakagawai	Bacteroidota	Flavobacteriia	Flavobacteriales	Weeksellaceae	Chryseobacterium
BIGb0216	Lactococcus sp.	Bacillota	Bacilli	Lactobacillales	Streptococcaceae	Lactococcus
BIGb0217						
BIGb0218						
BIGb0219	Stenotrophomonas chelatiphaga	Pseudomonadota	Gammaproteobacteria	Xanthomonadales	Xanthomonadaceae	Stenotrophomonas
BIGb0220	Lactococcus lactis	Bacillota	Bacilli	Lactobacillales	Streptococcaceae	Lactococcus
BIGb0221	Pseudomonas sp.	Pseudomonadota	Gammaproteobacteria	Pseudomonadales	Pseudomonadaceae	Pseudomonas
BIGb0222	Pseudomonas_E helleri	Pseudomonadota	Gammaproteobacteria	Pseudomonadales	Pseudomonadaceae	Pseudomonas
BIGb0223	Pseudomonas sp.	Pseudomonadota	Gammaproteobacteria	Pseudomonadales	Pseudomonadaceae	Pseudomonas
BIGb0224	Acinetobacter sp.	Pseudomonadota	Gammaproteobacteria	Moraxellales	Moraxellaceae	Acinetobacter
BIGb0225						
BIGb0226	Pantoea  sp.	Pseudomonadota	Gammaproteobacteria	Enterobacterales	Erwiniaceae	Pantoea
BIGb0227	Stenotrophomonas chelatiphaga	Pseudomonadota	Gammaproteobacteria	Xanthomonadales	Xanthomonadaceae	Stenotrophomonas
BIGb0228	Raoultella sp.	Pseudomonadota	Gammaproteobacteria	Enterobacterales	Enterobacteriaceae	Raoultella
BIGb0229	Stenotrophomonas sp.	Pseudomonadota	Gammaproteobacteria	Xanthomonadales	Xanthomonadaceae	Stenotrophomonas
BIGb0230	Unclassified Enterobacteriaceae	Pseudomonadota	Gammaproteobacteria	Enterobacterales	Enterobacteriaceae	Unclassified Enterobacteriaceae
BIGb0231	Unclassified Enterobacteriaceae	Pseudomonadota	Gammaproteobacteria	Enterobacterales	Enterobacteriaceae	Unclassified Enterobacteriaceae
BIGb0232	Chryseobacterium sp.	Bacteroidota	Flavobacteriia	Flavobacteriales	Weeksellaceae	Chryseobacterium
BIGb0233	Chryseobacterium sp.	Bacteroidota	Flavobacteriia	Flavobacteriales	Weeksellaceae	Chryseobacterium
BIGb0234	Serratia liquefaciens	Pseudomonadota	Gammaproteobacteria	Enterobacterales	Yersiniaceae	Serratia
BIGb0235	Mycetocola sp.	Actinomycetota	Actinomycetes	Micrococcales	Microbacteriaceae	Mycetocola
BIGb0235	Mycetocola sp.	Actinomycetota	Actinomycetes	Micrococcales	Microbacteriaceae	Mycetocola
BIGb0236	Rahnella victoriana	Pseudomonadota	Gammaproteobacteria	Enterobacterales	Yersiniaceae	Serratia
BIGb0237	Myroides sp.	Bacteroidota	Flavobacteriia	Flavobacteriales	Flavobacteriaceae	Myroides
BIGb0238	Myroides sp.	Bacteroidota	Flavobacteriia	Flavobacteriales	Flavobacteriaceae	Myroides
BIGb0239	Lelliottia nimipressuralis	Pseudomonadota	Gammaproteobacteria	Enterobacterales	Enterobacteriaceae	Lelliottia
BIGb0240	Myroides sp.	Bacteroidota	Flavobacteriia	Flavobacteriales	Flavobacteriaceae	Myroides
BIGb0241	Lactococcus sp.	Bacillota	Bacilli	Lactobacillales	Streptococcaceae	Lactococcus
BIGb0242	Lactococcus sp.	Bacillota	Bacilli	Lactobacillales	Streptococcaceae	Lactococcus
BIGb0243	Myroides gitamensis	Bacteroidota	Flavobacteriia	Flavobacteriales	Flavobacteriaceae	Myroides
BIGb0244	Myroides odoratus	Bacteroidota	Flavobacteriia	Flavobacteriales	Flavobacteriaceae	Myroides
BIGb0245	Myroides sp.	Bacteroidota	Flavobacteriia	Flavobacteriales	Flavobacteriaceae	Myroides
BIGb0246						
BIGb0247						
BIGb0248	Unclassified Enterobacteriaceae	Pseudomonadota	Gammaproteobacteria	Enterobacterales	Enterobacteriaceae	Unclassified Enterobacteriaceae
BIGb0249						
BIGb0250						
BIGb0251	Pseudomonas sp.	Pseudomonadota	Gammaproteobacteria	Pseudomonadales	Pseudomonadaceae	Pseudomonas
BIGb0252						
BIGb0253						
BIGb0254						
BIGb0255						
BIGb0256	Unclassified Enterobacteriaceae	Pseudomonadota	Gammaproteobacteria	Enterobacterales	Enterobacteriaceae	Unclassified Enterobacteriaceae
BIGb0257						
BIGb0258						
BIGb0259	Pseudomonas sp.	Pseudomonadota	Gammaproteobacteria	Pseudomonadales	Pseudomonadaceae	Pseudomonas
BIGb0260	Pseudomonas sp.	Pseudomonadota	Gammaproteobacteria	Pseudomonadales	Pseudomonadaceae	Pseudomonas
BIGb0261	Unclassified Yersiniaceae	Pseudomonadota	Gammaproteobacteria	Enterobacterales	Yersiniaceae	Unclassified Yersiniaceae
BIGb0262	Stenotrophomonas sp.	Pseudomonadota	Gammaproteobacteria	Xanthomonadales	Xanthomonadaceae	Stenotrophomonas
BIGb0263	Unclassified Yersiniaceae	Pseudomonadota	Gammaproteobacteria	Enterobacterales	Yersiniaceae	Unclassified Yersiniaceae
BIGb0264	Unclassified Yersiniaceae	Pseudomonadota	Gammaproteobacteria	Enterobacterales	Yersiniaceae	Unclassified Yersiniaceae
BIGb0265	Unclassified Enterobacterales	Pseudomonadota	Gammaproteobacteria	Enterobacterales	Unclassified Enterobacterales	Unclassified Enterobacterales
BIGb0266	Raoultella sp.	Pseudomonadota	Gammaproteobacteria	Enterobacterales	Enterobacteriaceae	Raoultella
BIGb0267	Raoultella terrigena	Pseudomonadota	Gammaproteobacteria	Enterobacterales	Enterobacteriaceae	Raoultella
BIGb0268	Raoultella sp.	Pseudomonadota	Gammaproteobacteria	Enterobacterales	Enterobacteriaceae	Raoultella
BIGb0269	Pseudomonas sp.	Pseudomonadota	Gammaproteobacteria	Pseudomonadales	Pseudomonadaceae	Pseudomonas
BIGb0270	Rhodococcus erythropolis	Actinomycetota	Actinomycetes	Mycobacteriales	Nocardiaceae	Rhodococcus
BIGb0271	Pseudomonas sp.	Pseudomonadota	Gammaproteobacteria	Pseudomonadales	Pseudomonadaceae	Pseudomonas
BIGb0272	Stenotrophomonas sp.	Pseudomonadota	Gammaproteobacteria	Xanthomonadales	Xanthomonadaceae	Stenotrophomonas
BIGb0273	Pseudomonas_E proteolytica	Pseudomonadota	Gammaproteobacteria	Pseudomonadales	Pseudomonadaceae	Pseudomonas
BIGb0274	Stenotrophomonas sp.	Pseudomonadota	Gammaproteobacteria	Xanthomonadales	Xanthomonadaceae	Stenotrophomonas
BIGb0275	Stenotrophomonas sp.	Pseudomonadota	Gammaproteobacteria	Xanthomonadales	Xanthomonadaceae	Stenotrophomonas
BIGb0276	Stenotrophomonas sp.	Pseudomonadota	Gammaproteobacteria	Xanthomonadales	Xanthomonadaceae	Stenotrophomonas
BIGb0277	Stenotrophomonas rhizophila_B	Pseudomonadota	Gammaproteobacteria	Xanthomonadales	Xanthomonadaceae	Stenotrophomonas
BIGb0278	Pseudomonas_E sp002843585	Pseudomonadota	Gammaproteobacteria	Pseudomonadales	Pseudomonadaceae	Pseudomonas
BIGb0279	Unclassified Enterobacteriaceae	Pseudomonadota	Gammaproteobacteria	Enterobacterales	Enterobacteriaceae	Unclassified Enterobacteriaceae
BIGb0280	Stenotrophomonas sp.	Pseudomonadota	Gammaproteobacteria	Xanthomonadales	Xanthomonadaceae	Stenotrophomonas
BIGb0281	Rhodococcus erythropolis	Actinomycetota	Actinomycetes	Mycobacteriales	Nocardiaceae	Rhodococcus
BIGb0282	Unclassified Enterobacteriaceae	Pseudomonadota	Gammaproteobacteria	Enterobacterales	Enterobacteriaceae	Unclassified Enterobacteriaceae
BIGb0283						
BIGb0284	Pseudomonas sp.	Pseudomonadota	Gammaproteobacteria	Pseudomonadales	Pseudomonadaceae	Pseudomonas
BIGb0285	Unclassified Enterobacteriaceae	Pseudomonadota	Gammaproteobacteria	Enterobacterales	Enterobacteriaceae	Unclassified Enterobacteriaceae
BIGb0286	Unclassified Enterobacteriaceae	Pseudomonadota	Gammaproteobacteria	Enterobacterales	Enterobacteriaceae	Unclassified Enterobacteriaceae
BIGb0287	Unclassified Enterobacteriaceae	Pseudomonadota	Gammaproteobacteria	Enterobacterales	Enterobacteriaceae	Unclassified Enterobacteriaceae
BIGb0288	Stenotrophomonas sp.	Pseudomonadota	Gammaproteobacteria	Xanthomonadales	Xanthomonadaceae	Stenotrophomonas
BIGb0289	Pseudomonas sp.	Pseudomonadota	Gammaproteobacteria	Pseudomonadales	Pseudomonadaceae	Pseudomonas
BIGb0290	Unclassified Enterobacteriaceae	Pseudomonadota	Gammaproteobacteria	Enterobacterales	Enterobacteriaceae	Unclassified Enterobacteriaceae
BIGb0291						
BIGb0292	Raoultella sp.	Pseudomonadota	Gammaproteobacteria	Enterobacterales	Enterobacteriaceae	Raoultella
BIGb0293	Erwinia sp.	Pseudomonadota	Gammaproteobacteria	Enterobacterales	Erwiniaceae	Erwinia
BIGb0294						
BIGb0295	Unclassified Enterobacteriaceae	Pseudomonadota	Gammaproteobacteria	Enterobacterales	Enterobacteriaceae	Unclassified Enterobacteriaceae
BIGb0296	Pseudomonas sp.	Pseudomonadota	Gammaproteobacteria	Pseudomonadales	Pseudomonadaceae	Pseudomonas
BIGb0297	Unclassified Enterobacteriaceae	Pseudomonadota	Gammaproteobacteria	Enterobacterales	Enterobacteriaceae	Unclassified Enterobacteriaceae
BIGb0298	Pseudomonas sp.	Pseudomonadota	Gammaproteobacteria	Pseudomonadales	Pseudomonadaceae	Pseudomonas
BIGb0299	Stenotrophomonas sp.	Pseudomonadota	Gammaproteobacteria	Xanthomonadales	Xanthomonadaceae	Stenotrophomonas
BIGb0300	Pseudomonas sp.	Pseudomonadota	Gammaproteobacteria	Pseudomonadales	Pseudomonadaceae	Pseudomonas
BIGb0301						
BIGb0302	Erwinia sp.	Pseudomonadota	Gammaproteobacteria	Enterobacterales	Erwiniaceae	Erwinia
BIGb0303						
BIGb0304	Unclassified Enterobacteriaceae	Pseudomonadota	Gammaproteobacteria	Enterobacterales	Enterobacteriaceae	Unclassified Enterobacteriaceae
BIGb0305						
BIGb0306	Pseudomonas sp.	Pseudomonadota	Gammaproteobacteria	Pseudomonadales	Pseudomonadaceae	Pseudomonas
BIGb0307	Unclassified Enterobacteriaceae	Pseudomonadota	Gammaproteobacteria	Enterobacterales	Enterobacteriaceae	Unclassified Enterobacteriaceae
BIGb0308	Erwinia sp.	Pseudomonadota	Gammaproteobacteria	Enterobacterales	Erwiniaceae	Erwinia
BIGb0309	Raoultella sp.	Pseudomonadota	Gammaproteobacteria	Enterobacterales	Enterobacteriaceae	Raoultella
BIGb0310	Pseudomonas sp.	Pseudomonadota	Gammaproteobacteria	Pseudomonadales	Pseudomonadaceae	Pseudomonas
BIGb0311	Unclassified Enterobacteriaceae	Pseudomonadota	Gammaproteobacteria	Enterobacterales	Enterobacteriaceae	Unclassified Enterobacteriaceae
BIGb0312	Unclassified Enterobacteriaceae	Pseudomonadota	Gammaproteobacteria	Enterobacterales	Enterobacteriaceae	Unclassified Enterobacteriaceae
BIGb0313						
BIGb0314	Raoultella sp.	Pseudomonadota	Gammaproteobacteria	Enterobacterales	Enterobacteriaceae	Raoultella
BIGb0315	Unclassified Enterobacteriaceae	Pseudomonadota	Gammaproteobacteria	Enterobacterales	Enterobacteriaceae	Unclassified Enterobacteriaceae
BIGb0316						
BIGb0317	Pseudomonas sp.	Pseudomonadota	Gammaproteobacteria	Pseudomonadales	Pseudomonadaceae	Pseudomonas
BIGb0318						
BIGb0319	Unclassified Enterobacteriaceae	Pseudomonadota	Gammaproteobacteria	Enterobacterales	Enterobacteriaceae	Unclassified Enterobacteriaceae
BIGb0320	Unclassified Enterobacteriaceae	Pseudomonadota	Gammaproteobacteria	Enterobacterales	Enterobacteriaceae	Unclassified Enterobacteriaceae
BIGb0321	Unclassified Enterobacteriaceae	Pseudomonadota	Gammaproteobacteria	Enterobacterales	Enterobacteriaceae	Unclassified Enterobacteriaceae
BIGb0322	Unclassified Enterobacteriaceae	Pseudomonadota	Gammaproteobacteria	Enterobacterales	Enterobacteriaceae	Unclassified Enterobacteriaceae
BIGb0323						
BIGb0324	Pseudomonas sp.	Pseudomonadota	Gammaproteobacteria	Pseudomonadales	Pseudomonadaceae	Pseudomonas
BIGb0325	Pseudomonas sp.	Pseudomonadota	Gammaproteobacteria	Pseudomonadales	Pseudomonadaceae	Pseudomonas
BIGb0326	Unclassified Enterobacteriaceae	Pseudomonadota	Gammaproteobacteria	Enterobacterales	Enterobacteriaceae	Unclassified Enterobacteriaceae
BIGb0327	Unclassified Enterobacteriaceae	Pseudomonadota	Gammaproteobacteria	Enterobacterales	Enterobacteriaceae	Unclassified Enterobacteriaceae
BIGb0328	Unclassified Enterobacteriaceae	Pseudomonadota	Gammaproteobacteria	Enterobacterales	Enterobacteriaceae	Unclassified Enterobacteriaceae
BIGb0329	Pseudomonas sp.	Pseudomonadota	Gammaproteobacteria	Pseudomonadales	Pseudomonadaceae	Pseudomonas
BIGb0330						
BIGb0331	Unclassified Enterobacteriaceae	Pseudomonadota	Gammaproteobacteria	Enterobacterales	Enterobacteriaceae	Unclassified Enterobacteriaceae
BIGb0332	Pseudomonas sp.	Pseudomonadota	Gammaproteobacteria	Pseudomonadales	Pseudomonadaceae	Pseudomonas
BIGb0333	Pseudomonas sp.	Pseudomonadota	Gammaproteobacteria	Pseudomonadales	Pseudomonadaceae	Pseudomonas
BIGb0334	Rahnella sp.	Pseudomonadota	Gammaproteobacteria	Enterobacterales	Yersiniaceae	Rahnella1
BIGb0335	Unclassified Enterobacteriaceae	Pseudomonadota	Gammaproteobacteria	Enterobacterales	Enterobacteriaceae	Unclassified Enterobacteriaceae
BIGb0336	Unclassified Enterobacteriaceae	Pseudomonadota	Gammaproteobacteria	Enterobacterales	Enterobacteriaceae	Unclassified Enterobacteriaceae
BIGb0337	Unclassified Enterobacteriaceae	Pseudomonadota	Gammaproteobacteria	Enterobacterales	Enterobacteriaceae	Unclassified Enterobacteriaceae
BIGb0338	Unclassified Enterobacteriaceae	Pseudomonadota	Gammaproteobacteria	Enterobacterales	Enterobacteriaceae	Unclassified Enterobacteriaceae
BIGb0339	Unclassified Enterobacteriaceae	Pseudomonadota	Gammaproteobacteria	Enterobacterales	Enterobacteriaceae	Unclassified Enterobacteriaceae
BIGb0340	Unclassified Enterobacteriaceae	Pseudomonadota	Gammaproteobacteria	Enterobacterales	Enterobacteriaceae	Unclassified Enterobacteriaceae
BIGb0341	Rahnella sp.	Pseudomonadota	Gammaproteobacteria	Enterobacterales	Yersiniaceae	Rahnella1
BIGb0342						
BIGb0343	Unclassified Enterobacteriaceae	Pseudomonadota	Gammaproteobacteria	Enterobacterales	Enterobacteriaceae	Unclassified Enterobacteriaceae
BIGb0344	Pseudomonas sp.	Pseudomonadota	Gammaproteobacteria	Pseudomonadales	Pseudomonadaceae	Pseudomonas
BIGb0345	Serratia sp.	Pseudomonadota	Gammaproteobacteria	Enterobacterales	Yersiniaceae	Serratia
BIGb0346	Serratia sp.	Pseudomonadota	Gammaproteobacteria	Enterobacterales	Yersiniaceae	Serratia
BIGb0347	Serratia sp.	Pseudomonadota	Gammaproteobacteria	Enterobacterales	Yersiniaceae	Serratia
BIGb0348	Rahnella sp.	Pseudomonadota	Gammaproteobacteria	Enterobacterales	Yersiniaceae	Rahnella1
BIGb0349						
BIGb0350	Erwinia sp.	Pseudomonadota	Gammaproteobacteria	Enterobacterales	Erwiniaceae	Erwinia
BIGb0351	Pseudomonas sp.	Pseudomonadota	Gammaproteobacteria	Pseudomonadales	Pseudomonadaceae	Pseudomonas
BIGb0352						
BIGb0353	Pseudomonas sp.	Pseudomonadota	Gammaproteobacteria	Pseudomonadales	Pseudomonadaceae	Pseudomonas
BIGb0354						
BIGb0355	Pseudomonas sp.	Pseudomonadota	Gammaproteobacteria	Pseudomonadales	Pseudomonadaceae	Pseudomonas
BIGb0356	Unclassified Enterobacteriaceae	Pseudomonadota	Gammaproteobacteria	Enterobacterales	Enterobacteriaceae	Unclassified Enterobacteriaceae
BIGb0357	Raoultella sp.	Pseudomonadota	Gammaproteobacteria	Enterobacterales	Enterobacteriaceae	Raoultella
BIGb0358						
BIGb0359	Enterobacter sp. - NEWGENUS	Pseudomonadota	Gammaproteobacteria	Enterobacterales	Enterobacteriaceae	Unclassified Enterobacteriaceae
BIGb0360	Erwinia sp.	Pseudomonadota	Gammaproteobacteria	Enterobacterales	Erwiniaceae	Erwinia
BIGb0361	Pseudomonas sp.	Pseudomonadota	Gammaproteobacteria	Pseudomonadales	Pseudomonadaceae	Pseudomonas
BIGb0362	Pseudomonas sp.	Pseudomonadota	Gammaproteobacteria	Pseudomonadales	Pseudomonadaceae	Pseudomonas
BIGb0363	Pseudomonas sp.	Pseudomonadota	Gammaproteobacteria	Pseudomonadales	Pseudomonadaceae	Pseudomonas
BIGb0364	Pseudomonas sp.	Pseudomonadota	Gammaproteobacteria	Pseudomonadales	Pseudomonadaceae	Pseudomonas
BIGb0365						
BIGb0366	Unclassified Erwiniaceae	Pseudomonadota	Gammaproteobacteria	Enterobacterales	Erwiniaceae	Unclassified Erwiniaceae
BIGb0367	Rheinheimera sp. - TO BE CHECKED	Pseudomonadota	Gammaproteobacteria	Chromatiales	Chromatiaceae	Rheinheimera
BIGb0368	Pseudomonas sp.	Pseudomonadota	Gammaproteobacteria	Pseudomonadales	Pseudomonadaceae	Pseudomonas
BIGb0369	Erwinia sp.	Pseudomonadota	Gammaproteobacteria	Enterobacterales	Erwiniaceae	Erwinia
BIGb0370	Unclassified Enterobacteria 	Pseudomonadota	Gammaproteobacteria	Enterobacterales	Yersiniaceae	Rahnella1
BIGb0371	Rahnella sp.	Pseudomonadota	Gammaproteobacteria	Enterobacterales	Yersiniaceae	Rahnella1
BIGb0372						
BIGb0373	Pseudomonas sp.	Pseudomonadota	Gammaproteobacteria	Pseudomonadales	Pseudomonadaceae	Pseudomonas
BIGb0374	Pseudomonas sp.	Pseudomonadota	Gammaproteobacteria	Pseudomonadales	Pseudomonadaceae	Pseudomonas
BIGb0375	Pseudomonas sp.	Pseudomonadota	Gammaproteobacteria	Pseudomonadales	Pseudomonadaceae	Pseudomonas
BIGb0376						
BIGb0377	Pseudomonas sp.	Pseudomonadota	Gammaproteobacteria	Pseudomonadales	Pseudomonadaceae	Pseudomonas
BIGb0378	Erwinia sp.	Pseudomonadota	Gammaproteobacteria	Enterobacterales	Erwiniaceae	Erwinia
BIGb0379	Pseudomonas sp.	Pseudomonadota	Gammaproteobacteria	Pseudomonadales	Pseudomonadaceae	Pseudomonas
BIGb0380						
BIGb0381	Pseudomonas_E sp014207255	Pseudomonadota	Gammaproteobacteria	Pseudomonadales	Pseudomonadaceae	Pseudomonas
BIGb0382	Raoultella sp.	Pseudomonadota	Gammaproteobacteria	Enterobacterales	Enterobacteriaceae	Raoultella
BIGb0383	Enterobacter sp. - NEWGENUS	Pseudomonadota	Gammaproteobacteria	Enterobacterales	Enterobacteriaceae	Unclassified Enterobacteriaceae
BIGb0384	Raoultella sp.	Pseudomonadota	Gammaproteobacteria	Enterobacterales	Enterobacteriaceae	Raoultella
BIGb0385	Unclassified Enterobacteriaceae	Pseudomonadota	Gammaproteobacteria	Enterobacterales	Enterobacteriaceae	Unclassified Enterobacteriaceae
BIGb0386	Unclassified Erwiniaceae	Pseudomonadota	Gammaproteobacteria	Enterobacterales	Erwiniaceae	Unclassified Erwiniaceae
BIGb0387	Unclassified Erwiniaceae	Pseudomonadota	Gammaproteobacteria	Enterobacterales	Erwiniaceae	Unclassified Erwiniaceae
BIGb0388	Rheinheimera sp.	Pseudomonadota	Gammaproteobacteria	Chromatiales	Chromatiaceae	Rheinheimera
BIGb0389	Erwinia rhapontici	Pseudomonadota	Gammaproteobacteria	Enterobacterales	Erwiniaceae	Erwinia
BIGb0390	Pseudomonas sp.	Pseudomonadota	Gammaproteobacteria	Pseudomonadales	Pseudomonadaceae	Pseudomonas
BIGb0391	Erwinia sp.	Pseudomonadota	Gammaproteobacteria	Enterobacterales	Erwiniaceae	Erwinia
BIGb0392	Rahnella sp.	Pseudomonadota	Gammaproteobacteria	Enterobacterales	Yersiniaceae	Rahnella1
BIGb0393	Pantoea nemavictus	Pseudomonadota	Gammaproteobacteria	Enterobacterales	Erwiniaceae	Pantoea
BIGb0394	Rahnella sp.	Pseudomonadota	Gammaproteobacteria	Enterobacterales	Yersiniaceae	Rahnella1
BIGb0395	Raoultella sp.	Pseudomonadota	Gammaproteobacteria	Enterobacterales	Enterobacteriaceae	Raoultella
BIGb0396	Pseudomonas sp.	Pseudomonadota	Gammaproteobacteria	Pseudomonadales	Pseudomonadaceae	Pseudomonas
BIGb0397	Pseudomonas sp.	Pseudomonadota	Gammaproteobacteria	Pseudomonadales	Pseudomonadaceae	Pseudomonas
BIGb0398						
BIGb0399	Klebsiella sp003752615	Pseudomonadota	Gammaproteobacteria	Enterobacterales	Enterobacteriaceae	Raoultella
BIGb0400	Rheinheimera sp.	Pseudomonadota	Gammaproteobacteria	Chromatiales	Chromatiaceae	Rheinheimera
BIGb0401	Erwinia sp.	Pseudomonadota	Gammaproteobacteria	Enterobacterales	Erwiniaceae	Erwinia
BIGb0402	Erwinia sp.	Pseudomonadota	Gammaproteobacteria	Enterobacterales	Erwiniaceae	Erwinia
BIGb0403						
BIGb0404	Pseudomonas protegens	Pseudomonadota	Gammaproteobacteria	Pseudomonadales	Pseudomonadaceae	Pseudomonas
BIGb0405	Aeromonas rivuli	Pseudomonadota	Gammaproteobacteria	Aeromonadales	Aeromonadaceae	Aeromonas
BIGb0406	Pseudomonas sp.	Pseudomonadota	Gammaproteobacteria	Pseudomonadales	Pseudomonadaceae	Pseudomonas
BIGb0407	Klebsiella sp.	Pseudomonadota	Gammaproteobacteria	Enterobacterales	Enterobacteriaceae	Enterobacter
BIGb0408	Pseudomonas_E fulva_A	Pseudomonadota	Gammaproteobacteria	Pseudomonadales	Pseudomonadaceae	Pseudomonas
BIGb0409	Unclassified Enterobacteriaceae	Pseudomonadota	Gammaproteobacteria	Enterobacterales	Enterobacteriaceae	Unclassified Enterobacteriaceae
BIGb0410	Pseudomonas sp.	Pseudomonadota	Gammaproteobacteria	Pseudomonadales	Pseudomonadaceae	Pseudomonas
BIGb0411	Buttiauxella	Pseudomonadota	Gammaproteobacteria	Enterobacterales	Enterobacteriaceae	Buttiauxella
BIGb0412	Aeromonas sp.	Pseudomonadota	Gammaproteobacteria	Aeromonadales	Aeromonadaceae	Aeromonas
BIGb0413	Raoultella sp.	Pseudomonadota	Gammaproteobacteria	Enterobacterales	Enterobacteriaceae	Raoultella
BIGb0414	Raoultella sp.	Pseudomonadota	Gammaproteobacteria	Enterobacterales	Enterobacteriaceae	Raoultella
BIGb0415	Unclassified Erwiniaceae	Pseudomonadota	Gammaproteobacteria	Enterobacterales	Erwiniaceae	Unclassified Erwiniaceae
BIGb0416	Pseudomonas sp.	Pseudomonadota	Gammaproteobacteria	Pseudomonadales	Pseudomonadaceae	Pseudomonas
BIGb0417	Unclassified Erwiniaceae	Pseudomonadota	Gammaproteobacteria	Enterobacterales	Erwiniaceae	Unclassified Erwiniaceae
BIGb0418	Raoultella sp.	Pseudomonadota	Gammaproteobacteria	Enterobacterales	Enterobacteriaceae	Raoultella
BIGb0419	Pseudomonas sp.	Pseudomonadota	Gammaproteobacteria	Pseudomonadales	Pseudomonadaceae	Pseudomonas
BIGb0420	Pseudomonas sp.	Pseudomonadota	Gammaproteobacteria	Pseudomonadales	Pseudomonadaceae	Pseudomonas
BIGb0421	Raoultella sp.	Pseudomonadota	Gammaproteobacteria	Enterobacterales	Enterobacteriaceae	Raoultella
BIGb0422	Pseudomonas sp.	Pseudomonadota	Gammaproteobacteria	Pseudomonadales	Pseudomonadaceae	Pseudomonas
BIGb0423	Aeromonas sp.	Pseudomonadota	Gammaproteobacteria	Aeromonadales	Aeromonadaceae	Aeromonas
BIGb0424	Aeromonas sp.	Pseudomonadota	Gammaproteobacteria	Aeromonadales	Aeromonadaceae	Aeromonas
BIGb0425	Aeromonas sp.	Pseudomonadota	Gammaproteobacteria	Aeromonadales	Aeromonadaceae	Aeromonas
BIGb0426						
BIGb0427	Pseudomonas sp.	Pseudomonadota	Gammaproteobacteria	Pseudomonadales	Pseudomonadaceae	Pseudomonas
BIGb0428	Pseudomonas grimontii	Pseudomonadota	Gammaproteobacteria	Pseudomonadales	Pseudomonadaceae	Pseudomonas
BIGb0429	Buttiauxella sp.	Pseudomonadota	Gammaproteobacteria	Enterobacterales	Enterobacteriaceae	Buttiauxella
BIGb0430	Raoultella sp.	Pseudomonadota	Gammaproteobacteria	Enterobacterales	Enterobacteriaceae	Raoultella
BIGb0431	Raoultella sp.	Pseudomonadota	Gammaproteobacteria	Enterobacterales	Enterobacteriaceae	Raoultella
BIGb0432	Raoultella sp.	Pseudomonadota	Gammaproteobacteria	Enterobacterales	Enterobacteriaceae	Raoultella
BIGb0433	Unclassified Erwiniaceae	Pseudomonadota	Gammaproteobacteria	Enterobacterales	Erwiniaceae	Unclassified Erwiniaceae
BIGb0434	Pseudomonas sp.	Pseudomonadota	Gammaproteobacteria	Pseudomonadales	Pseudomonadaceae	Pseudomonas
BIGb0435	Erwinia rhapontici	Pseudomonadota	Gammaproteobacteria	Enterobacterales	Erwiniaceae	Erwinia
BIGb0436	Pseudomonas sp.	Pseudomonadota	Gammaproteobacteria	Pseudomonadales	Pseudomonadaceae	Pseudomonas
BIGb0437	Pseudomonas sp.	Pseudomonadota	Gammaproteobacteria	Pseudomonadales	Pseudomonadaceae	Pseudomonas
BIGb0438	Unclassified Erwiniaceae	Pseudomonadota	Gammaproteobacteria	Enterobacterales	Erwiniaceae	Unclassified Erwiniaceae
BIGb0439	Pseudomonas sp.	Pseudomonadota	Gammaproteobacteria	Pseudomonadales	Pseudomonadaceae	Pseudomonas
BIGb0440	Pseudomonas sp.	Pseudomonadota	Gammaproteobacteria	Pseudomonadales	Pseudomonadaceae	Pseudomonas
BIGb0441	Aeromonas sp.	Pseudomonadota	Gammaproteobacteria	Aeromonadales	Aeromonadaceae	Aeromonas
BIGb0442	Raoultella sp.	Pseudomonadota	Gammaproteobacteria	Enterobacterales	Enterobacteriaceae	Raoultella
BIGb0443	Pseudomonas sp.	Pseudomonadota	Gammaproteobacteria	Pseudomonadales	Pseudomonadaceae	Pseudomonas
BIGb0444	Raoultella sp.	Pseudomonadota	Gammaproteobacteria	Enterobacterales	Enterobacteriaceae	Raoultella
BIGb0445	Aeromonas rivuli	Pseudomonadota	Gammaproteobacteria	Aeromonadales	Aeromonadaceae	Aeromonas
BIGb0446	Pseudomonas sp.	Pseudomonadota	Gammaproteobacteria	Pseudomonadales	Pseudomonadaceae	Pseudomonas
BIGb0447	Pseudomonas sp.	Pseudomonadota	Gammaproteobacteria	Pseudomonadales	Pseudomonadaceae	Pseudomonas
BIGb0448	Pseudomonas sp.	Pseudomonadota	Gammaproteobacteria	Pseudomonadales	Pseudomonadaceae	Pseudomonas
BIGb0449	Serratia sp.	Pseudomonadota	Gammaproteobacteria	Enterobacterales	Yersiniaceae	Serratia
BIGb0450	Pseudomonas_E yamanorum_A	Pseudomonadota	Gammaproteobacteria	Pseudomonadales	Pseudomonadaceae	Pseudomonas
BIGb0451	Buttiauxella	Pseudomonadota	Gammaproteobacteria	Enterobacterales	Enterobacteriaceae	Buttiauxella
BIGb0452	Pseudomonas sp.	Pseudomonadota	Gammaproteobacteria	Pseudomonadales	Pseudomonadaceae	Pseudomonas
BIGb0453	Pantoea  sp.	Pseudomonadota	Gammaproteobacteria	Enterobacterales	Erwiniaceae	Pantoea
BIGb0454	Unclassified Enterobacteriaceae	Pseudomonadota	Gammaproteobacteria	Enterobacterales	Enterobacteriaceae	Unclassified Enterobacteriaceae
BIGb0455	Unclassified Enterobacteria 	Pseudomonadota	Gammaproteobacteria	Enterobacterales	Erwiniaceae	Pantoea
BIGb0456	Pseudomonas sp.	Pseudomonadota	Gammaproteobacteria	Pseudomonadales	Pseudomonadaceae	Pseudomonas
BIGb0457	Pseudomonas sp.	Pseudomonadota	Gammaproteobacteria	Pseudomonadales	Pseudomonadaceae	Pseudomonas
BIGb0458	Rahnella sp.	Pseudomonadota	Gammaproteobacteria	Enterobacterales	Yersiniaceae	Rahnella1
BIGb0459	Rahnella sp.	Pseudomonadota	Gammaproteobacteria	Enterobacterales	Yersiniaceae	Rahnella1
BIGb0460	Pseudomonas sp.	Pseudomonadota	Gammaproteobacteria	Pseudomonadales	Pseudomonadaceae	Pseudomonas
BIGb0461	Pseudomonas sp.	Pseudomonadota	Gammaproteobacteria	Pseudomonadales	Pseudomonadaceae	Pseudomonas
BIGb0462	Raoultella sp.	Pseudomonadota	Gammaproteobacteria	Enterobacterales	Enterobacteriaceae	Raoultella
BIGb0463	Aeromonas sp.	Pseudomonadota	Gammaproteobacteria	Aeromonadales	Aeromonadaceae	Aeromonas
BIGb0464	Aeromonas sp.	Pseudomonadota	Gammaproteobacteria	Aeromonadales	Aeromonadaceae	Aeromonas
BIGb0465	Raoultella sp.	Pseudomonadota	Gammaproteobacteria	Enterobacterales	Enterobacteriaceae	Raoultella
BIGb0466	Pseudomonas sp.	Pseudomonadota	Gammaproteobacteria	Pseudomonadales	Pseudomonadaceae	Pseudomonas
BIGb0467						
BIGb0468	Pseudomonas sp.	Pseudomonadota	Gammaproteobacteria	Pseudomonadales	Pseudomonadaceae	Pseudomonas
BIGb0469	Aeromonas sp.	Pseudomonadota	Gammaproteobacteria	Aeromonadales	Aeromonadaceae	Aeromonas
BIGb0470	Pseudomonas putida	Pseudomonadota	Gammaproteobacteria	Pseudomonadales	Pseudomonadaceae	Pseudomonas
BIGb0471	Buttiauxella agrestis	Pseudomonadota	Gammaproteobacteria	Enterobacterales	Enterobacteriaceae	Buttiauxella
BIGb0472	Unclassified Enterobacteriaceae	Pseudomonadota	Gammaproteobacteria	Enterobacterales	Enterobacteriaceae	Unclassified Enterobacteriaceae
BIGb0473	Pseudomonas_E qingdaonensis	Pseudomonadota	Gammaproteobacteria	Pseudomonadales	Pseudomonadaceae	Pseudomonas
BIGb0474						
BIGb0475						
BIGb0476	Pseudomonas sp.	Pseudomonadota	Gammaproteobacteria	Pseudomonadales	Pseudomonadaceae	Pseudomonas
BIGb0477	Pseudomonas_E helleri	Pseudomonadota	Gammaproteobacteria	Pseudomonadales	Pseudomonadaceae	Pseudomonas
BIGb0478	Rahnella sp.	Pseudomonadota	Gammaproteobacteria	Enterobacterales	Yersiniaceae	Rahnella1
BIGb0479	Rahnella sp.	Pseudomonadota	Gammaproteobacteria	Enterobacterales	Yersiniaceae	Rahnella1
BIGb0480	Pseudomonas sp.	Pseudomonadota	Gammaproteobacteria	Pseudomonadales	Pseudomonadaceae	Pseudomonas
BIGb0481	Pseudomonas sp.	Pseudomonadota	Gammaproteobacteria	Pseudomonadales	Pseudomonadaceae	Pseudomonas
BIGb0482	Raoultella sp.	Pseudomonadota	Gammaproteobacteria	Enterobacterales	Enterobacteriaceae	Raoultella
BIGb0483	Raoultella sp.	Pseudomonadota	Gammaproteobacteria	Enterobacterales	Enterobacteriaceae	Raoultella
BIGb0484						
BIGb0485	Pseudomonas sp.	Pseudomonadota	Gammaproteobacteria	Pseudomonadales	Pseudomonadaceae	Pseudomonas
BIGb0486						
BIGb0487						
BIGb0488	Aeromonas sp.	Pseudomonadota	Gammaproteobacteria	Aeromonadales	Aeromonadaceae	Aeromonas
BIGb0489	Raoultella sp.	Pseudomonadota	Gammaproteobacteria	Enterobacterales	Enterobacteriaceae	Raoultella
BIGb0490	Raoultella sp.	Pseudomonadota	Gammaproteobacteria	Enterobacterales	Enterobacteriaceae	Raoultella
BIGb0491	Pseudomonas sp.	Pseudomonadota	Gammaproteobacteria	Pseudomonadales	Pseudomonadaceae	Pseudomonas
BIGb0492	Aeromonas sp.	Pseudomonadota	Gammaproteobacteria	Aeromonadales	Aeromonadaceae	Aeromonas
BIGb0493	Pseudomonas sp.	Pseudomonadota	Gammaproteobacteria	Pseudomonadales	Pseudomonadaceae	Pseudomonas
BIGb0494	Acinetobacter johnsonii	Pseudomonadota	Gammaproteobacteria	Moraxellales	Moraxellaceae	Acinetobacter
BIGb0495	Aeromonas sp.	Pseudomonadota	Gammaproteobacteria	Aeromonadales	Aeromonadaceae	Aeromonas
BIGb0496	Pseudomonas sp.	Pseudomonadota	Gammaproteobacteria	Pseudomonadales	Pseudomonadaceae	Pseudomonas
BIGb0497	Aeromonas sp.	Pseudomonadota	Gammaproteobacteria	Aeromonadales	Aeromonadaceae	Aeromonas
BIGb0498	Shigella sp.	Pseudomonadota	Gammaproteobacteria	Enterobacterales	Enterobacteriaceae	Shigella
BIGb0499	Stenotrophomonas sp.	Pseudomonadota	Gammaproteobacteria	Xanthomonadales	Xanthomonadaceae	Stenotrophomonas
BIGb0500						
BIGb0501	Pseudomonas sp.	Pseudomonadota	Gammaproteobacteria	Pseudomonadales	Pseudomonadaceae	Pseudomonas
BIGb0502	Unclassified Enterobacteriaceae	Pseudomonadota	Gammaproteobacteria	Enterobacterales	Enterobacteriaceae	Unclassified Enterobacteriaceae
BIGb0503						
BIGb0504						
BIGb0505	Pseudomonas sp.	Pseudomonadota	Gammaproteobacteria	Pseudomonadales	Pseudomonadaceae	Pseudomonas
BIGb0506	Providencia burhodogranariea - TO CHECK	Pseudomonadota	Gammaproteobacteria	Enterobacterales	Morganellaceae	Providencia
BIGb0507	Pseudomonas sp.	Pseudomonadota	Gammaproteobacteria	Pseudomonadales	Pseudomonadaceae	Pseudomonas
BIGb0508	Rahnella sp.	Pseudomonadota	Gammaproteobacteria	Enterobacterales	Yersiniaceae	Rahnella1
BIGb0509						
BIGb0510	Raoultella sp.	Pseudomonadota	Gammaproteobacteria	Enterobacterales	Enterobacteriaceae	Raoultella
BIGb0511						
BIGb0512	Raoultella sp.	Pseudomonadota	Gammaproteobacteria	Enterobacterales	Enterobacteriaceae	Raoultella
BIGb0513	Pseudomonas sp.	Pseudomonadota	Gammaproteobacteria	Pseudomonadales	Pseudomonadaceae	Pseudomonas
BIGb0514	Pseudomonas sp.	Pseudomonadota	Gammaproteobacteria	Pseudomonadales	Pseudomonadaceae	Pseudomonas
BIGb0515						
BIGb0516	Pseudomonas sp.	Pseudomonadota	Gammaproteobacteria	Pseudomonadales	Pseudomonadaceae	Pseudomonas
BIGb0517	Pseudomonas sp.	Pseudomonadota	Gammaproteobacteria	Pseudomonadales	Pseudomonadaceae	Pseudomonas
BIGb0518	Acinetobacter sp.	Pseudomonadota	Gammaproteobacteria	Moraxellales	Moraxellaceae	Acinetobacter
BIGb0519						
BIGb0520						
BIGb0521						
BIGb0522	Unclassified Enterobacteriaceae	Pseudomonadota	Gammaproteobacteria	Enterobacterales	Enterobacteriaceae	Unclassified Enterobacteriaceae
BIGb0523	Rahnella aquatilis	Pseudomonadota	Gammaproteobacteria	Enterobacterales	Yersiniaceae	Rahnella1
BIGb0524						
BIGb0525	Pseudomonas helmanticensis	Pseudomonadota	Gammaproteobacteria	Pseudomonadales	Pseudomonadaceae	Pseudomonas
BIGb0526	Providencia sp.	Pseudomonadota	Gammaproteobacteria	Enterobacterales	Morganellaceae	Providencia
BIGb0527						
BIGb0528						
BIGb0529	Buttiauxella sp.	Pseudomonadota	Gammaproteobacteria	Enterobacterales	Enterobacteriaceae	Buttiauxella
BIGb0530	Serratia sp.	Pseudomonadota	Gammaproteobacteria	Enterobacterales	Yersiniaceae	Serratia
BIGb0531						
BIGb0532						
BIGb0533						
BIGb0534						
BIGb0535	Pseudomonas sp.	Pseudomonadota	Gammaproteobacteria	Pseudomonadales	Pseudomonadaceae	Pseudomonas
BIGb0536	Pseudomonas sp.	Pseudomonadota	Gammaproteobacteria	Pseudomonadales	Pseudomonadaceae	Pseudomonas
BIGb0537	Rahnella sp.	Pseudomonadota	Gammaproteobacteria	Enterobacterales	Yersiniaceae	Rahnella1
BIGb0538	Pseudomonas sp.	Pseudomonadota	Gammaproteobacteria	Pseudomonadales	Pseudomonadaceae	Pseudomonas
BIGb0539						
BIGb0540						
BIGb0541	Pseudomonas sp.	Pseudomonadota	Gammaproteobacteria	Pseudomonadales	Pseudomonadaceae	Pseudomonas
BIGb0542						
BIGb0543						
BIGb0544						
BIGb0545						
BIGb0546	Rahnella sp.	Pseudomonadota	Gammaproteobacteria	Enterobacterales	Yersiniaceae	Rahnella1
BIGb0547	Acinetobacter sp.	Pseudomonadota	Gammaproteobacteria	Moraxellales	Moraxellaceae	Acinetobacter
BIGb0548						
BIGb0549						
BIGb0550	Unclassified Enterobacterales	Pseudomonadota	Gammaproteobacteria	Enterobacterales	Unclassified Enterobacterales	Unclassified Enterobacterales
BIGb0551						
BIGb0552	Buttiauxella gaviniae	Pseudomonadota	Gammaproteobacteria	Enterobacterales	Enterobacteriaceae	Buttiauxella
BIGb0553	Serratia sp.	Pseudomonadota	Gammaproteobacteria	Enterobacterales	Yersiniaceae	Serratia
BIGb0554						
BIGb0555	Pseudomonas sp.	Pseudomonadota	Gammaproteobacteria	Pseudomonadales	Pseudomonadaceae	Pseudomonas
BIGb0556	Pseudomonas sp.	Pseudomonadota	Gammaproteobacteria	Pseudomonadales	Pseudomonadaceae	Pseudomonas
BIGb0557	Rahnella sp.	Pseudomonadota	Gammaproteobacteria	Enterobacterales	Yersiniaceae	Rahnella1
BIGb0558	Pseudomonas_E yamanorum_A	Pseudomonadota	Gammaproteobacteria	Pseudomonadales	Pseudomonadaceae	Pseudomonas
BIGb0559	Buttiauxella sp.	Pseudomonadota	Gammaproteobacteria	Enterobacterales	Enterobacteriaceae	Buttiauxella
BIGb0560	Unclassified Enterobacteria 	Pseudomonadota	Gammaproteobacteria	Enterobacterales	Erwiniaceae	Pantoea
BIGb0561						
BIGb0562						
BIGb0563						
BIGb0564	Pseudomonas sp.	Pseudomonadota	Gammaproteobacteria	Pseudomonadales	Pseudomonadaceae	Pseudomonas
BIGb0565	Chryseobacterium sp.	Bacteroidota	Flavobacteriia	Flavobacteriales	Weeksellaceae	Chryseobacterium
BIGb0566	Sphingobacterium sp.	Bacteroidota	Sphingobacteriia	Sphingobacteriales	Sphingobacteriaceae	Sphingobacterium
BIGb0567						
BIGb0568	Sphingobacterium sp.	Bacteroidota	Sphingobacteriia	Sphingobacteriales	Sphingobacteriaceae	Sphingobacterium
BIGb0569						
BIGb0570	Buttiauxella sp.	Pseudomonadota	Gammaproteobacteria	Enterobacterales	Enterobacteriaceae	Buttiauxella
BIGb0571	Pseudomonas sp.	Pseudomonadota	Gammaproteobacteria	Pseudomonadales	Pseudomonadaceae	Pseudomonas
BIGb0572	Sphingobacterium sp.	Bacteroidota	Sphingobacteriia	Sphingobacteriales	Sphingobacteriaceae	Sphingobacterium
BIGb0573						
BIGb0574	Rheinheimera sp.	Pseudomonadota	Gammaproteobacteria	Chromatiales	Chromatiaceae	Rheinheimera
BIGb0575						
BIGb0576						
BIGb0577						
BIGb0578						
BIGb0579	Pseudomonas sp.	Pseudomonadota	Gammaproteobacteria	Pseudomonadales	Pseudomonadaceae	Pseudomonas
BIGb0580	Pseudomonas sp.	Pseudomonadota	Gammaproteobacteria	Pseudomonadales	Pseudomonadaceae	Pseudomonas
BIGb0581	Raoultella sp.	Pseudomonadota	Gammaproteobacteria	Enterobacterales	Enterobacteriaceae	Raoultella
BIGb0582	Serratia sp.	Pseudomonadota	Gammaproteobacteria	Enterobacterales	Yersiniaceae	Serratia
BIGb0583	Rahnella sp.	Pseudomonadota	Gammaproteobacteria	Enterobacterales	Yersiniaceae	Rahnella1
BIGb0584						
BIGb0585	Sphingobacterium sp.	Bacteroidota	Sphingobacteriia	Sphingobacteriales	Sphingobacteriaceae	Sphingobacterium
BIGb0586	Pseudomonas sp.	Pseudomonadota	Gammaproteobacteria	Pseudomonadales	Pseudomonadaceae	Pseudomonas
BIGb0587						
BIGb0588	Unclassified Enterobacterales	Pseudomonadota	Gammaproteobacteria	Enterobacterales	Unclassified Enterobacterales	Unclassified Enterobacterales
BIGb0589	Gordonia sp.	Pseudomonadota	Gammaproteobacteria	Enterobacterales	Hafniaceae	Hafnia-Obesumbacterium
BIGb0590	Unclassified Enterobacteriaceae	Pseudomonadota	Gammaproteobacteria	Enterobacterales	Enterobacteriaceae	Unclassified Enterobacteriaceae
BIGb0591						
BIGb0592	Raoultella sp.	Pseudomonadota	Gammaproteobacteria	Enterobacterales	Enterobacteriaceae	Raoultella
BIGb0593	Raoultella sp.	Pseudomonadota	Gammaproteobacteria	Enterobacterales	Enterobacteriaceae	Raoultella
BIGb0594						
BIGb0595						
BIGb0596						
BIGb0597	Rhodococcus sp.	Actinomycetota	Actinomycetes	Mycobacteriales	Nocardiaceae	Rhodococcus
BIGb0598	Unclassified Yersiniaceae	Pseudomonadota	Gammaproteobacteria	Enterobacterales	Yersiniaceae	Unclassified Yersiniaceae
BIGb0599						
BIGb0600						
BIGb0601	Raoultella sp.	Pseudomonadota	Gammaproteobacteria	Enterobacterales	Enterobacteriaceae	Raoultella
BIGb0602						
BIGb0603	Unclassified Yersiniaceae	Pseudomonadota	Gammaproteobacteria	Enterobacterales	Yersiniaceae	Unclassified Yersiniaceae
BIGb0604	Serratia sp.	Pseudomonadota	Gammaproteobacteria	Enterobacterales	Yersiniaceae	Serratia
BIGb0605	Unclassified Enterobacteriaceae	Pseudomonadota	Gammaproteobacteria	Enterobacterales	Enterobacteriaceae	Unclassified Enterobacteriaceae
BIGb0606	Unclassified Enterobacteriaceae	Pseudomonadota	Gammaproteobacteria	Enterobacterales	Enterobacteriaceae	Unclassified Enterobacteriaceae
BIGb0607	Serratia sp.	Pseudomonadota	Gammaproteobacteria	Enterobacterales	Yersiniaceae	Serratia
BIGb0608						
BIGb0609						
BIGb0610	Unclassified Yersiniaceae	Pseudomonadota	Gammaproteobacteria	Enterobacterales	Yersiniaceae	Unclassified Yersiniaceae
BIGb0611	Gluconobacter cerinus	Pseudomonadota	Alphaproteobacteria	Rhodospirillales	Acetobacteraceae	Gluconobacter
BIGb0612						
CEent1	Enterobacter hormaechei	Pseudomonadota	Gammaproteobacteria	Enterobacterales	Enterobacteriaceae	Enterobacter
HM-50	Escherichia coli	Pseudomonadota	Gammaproteobacteria	Enterobacterales	Enterobacteriaceae	Shigella
HM-366	Escherichia coli	Pseudomonadota	Gammaproteobacteria	Enterobacterales	Enterobacteriaceae	Shigella
HT115(DE3)	Escherichia coli	Pseudomonadota	Gammaproteobacteria	Enterobacterales	Enterobacteriaceae	Shigella
JUb1	Flavobacteria sp.	Bacteroidota	Flavobacteriia	Flavobacteriales	Flavobacteriaceae	Flavobacterium
JUb2	Acinetobacter sp.	Pseudomonadota	Gammaproteobacteria	Moraxellales	Moraxellaceae	Acinetobacter
JUb3	Bacillus sp.	Bacillota	Bacilli	Bacillales	Bacillaceae	Bacillus
JUb4	Alcaligenes  sp.	Pseudomonadota	Betaproteobacteria	Burkholderiales	Alcaligenaceae	Alcaligenes
JUb5	Providencia sp.	Pseudomonadota	Gammaproteobacteria	Enterobacterales	Morganellaceae	Providencia
JUb6	Pseudomonas sp.	Pseudomonadota	Gammaproteobacteria	Pseudomonadales	Pseudomonadaceae	Pseudomonas
JUb7	Chryseobacterium 	Bacteroidota	Flavobacteriia	Flavobacteriales	Weeksellaceae	Chryseobacterium
JUb8	Comamonas acidovorans	Pseudomonadota	Betaproteobacteria	Burkholderiales	Comamonadaceae	Delftia
JUb9	Serratia sp.	Pseudomonadota	Gammaproteobacteria	Enterobacterales	Yersiniaceae	Serratia
JUb10	Bacillus sp.	Bacillota	Bacilli	Bacillales	Bacillaceae	Bacillus
JUb11	Bacillus altitudinis	Bacillota	Bacilli	Bacillales	Bacillaceae	Bacillus
JUb12	Pseudomonas sp.	Pseudomonadota	Gammaproteobacteria	Pseudomonadales	Pseudomonadaceae	Pseudomonas
JUb13	Bacillus sp.	Bacillota	Bacilli	Bacillales	Bacillaceae	Bacillus
JUb14	Bacillus sp.	Bacillota	Bacilli	Bacillales	Bacillaceae	Bacillus
JUb15	Staphylococcus	Bacillota	Bacilli	Bacillales	Staphylococcaceae	Staphylococcus
JUb16	Microbacterium sp.	Actinomycetota	Actinomycetes	Micrococcales	Microbacteriaceae	Microbacterium
JUb17	Leadbetterella 	Unclassified	Unclassified	Unclassified	Unclassified	Unclassified
JUb18	Leucobacter luti	Actinomycetota	Actinomycetes	Micrococcales	Microbacteriaceae	Leucobacter
JUb19	 Stenotrophomonas indicatrix	Pseudomonadota	Gammaproteobacteria	Xanthomonadales	Xanthomonadaceae	Stenotrophomonas
JUb20	Sphingobacterium kitahiroshimense	Bacteroidota	Sphingobacteriia	Sphingobacteriales	Sphingobacteriaceae	Sphingobacterium
JUb21	Sphingobacterium kitahiroshimense	Bacteroidota	Sphingobacteriia	Sphingobacteriales	Sphingobacteriaceae	Sphingobacterium
JUb22	Flavobacterium sp.	Bacteroidota	Flavobacteriia	Flavobacteriales	Flavobacteriaceae	Flavobacterium
JUb23	Stenotrophomonas lactitubi	Pseudomonadota	Gammaproteobacteria	Xanthomonadales	Xanthomonadaceae	Stenotrophomonas
JUb24	Achromobacter sp.	Pseudomonadota	Betaproteobacteria	Burkholderiales	Alcaligenaceae	Unclassified Alcaligenaceae
JUb25	Erwinia sp.	Pseudomonadota	Gammaproteobacteria	Enterobacterales	Erwiniaceae	Erwinia
JUb26	Erwinia sp003751505	Pseudomonadota	Gammaproteobacteria	Enterobacterales	Erwiniaceae	Unclassified Erwiniaceae
JUb27	Erwinia sp.	Pseudomonadota	Gammaproteobacteria	Enterobacterales	Erwiniaceae	Erwinia
JUb28	Pseudomonas protegens	Pseudomonadota	Gammaproteobacteria	Pseudomonadales	Pseudomonadaceae	Pseudomonas
JUb29	Erwinia sp.	Pseudomonadota	Gammaproteobacteria	Enterobacterales	Erwiniaceae	Erwinia
JUb30	Pantoea  sp.	Pseudomonadota	Gammaproteobacteria	Enterobacterales	Erwiniaceae	Pantoea
JUb31	Pseudomonas sp.	Pseudomonadota	Gammaproteobacteria	Pseudomonadales	Pseudomonadaceae	Pseudomonas
JUb32	Bacillus sp.	Bacillota	Bacilli	Bacillales	Bacillaceae	Bacillus
JUb33	Bacillus sp.	Bacillota	Bacilli	Bacillales	Bacillaceae	Bacillus
JUb34	Curtobacterium sp003755065	Actinomycetota	Actinomycetes	Micrococcales	Microbacteriaceae	Curtobacterium
JUb35	Streptomyces sp.	Actinomycetota	Actinomycetes	Kitasatosporales	Streptomycetaceae	Streptomyces
JUb36	Curtobacterium 					
JUb37	Oerskovia sp.	Actinomycetota	Actinomycetes	Micrococcales	Cellulomonadaceae	Oerskovia
JUb38	Raoultella sp.	Pseudomonadota	Gammaproteobacteria	Enterobacterales	Enterobacteriaceae	Raoultella
JUb39	Providencia rettgeri	Pseudomonadota	Gammaproteobacteria	Enterobacterales	Morganellaceae	Providencia
JUb40	Agrobacterium	Pseudomonadota	Alphaproteobacteria	Hyphomicrobiales	Rhizobiaceae	Rhizobium
JUb41	Flavobacterium sp.	Bacteroidota	Flavobacteriia	Flavobacteriales	Flavobacteriaceae	Flavobacterium
JUb42	Pseudomonas sp.	Pseudomonadota	Gammaproteobacteria	Pseudomonadales	Pseudomonadaceae	Pseudomonas
JUb43	Flavobacterium sp.	Bacteroidota	Flavobacteriia	Flavobacteriales	Flavobacteriaceae	Flavobacterium
JUb44	Chryseobacterium scophthalmum 	Bacteroidota	Flavobacteriia	Flavobacteriales	Weeksellaceae	Chryseobacterium
JUb45	Neorhizobium sp.	Pseudomonadota	Alphaproteobacteria	Hyphomicrobiales	Rhizobiaceae	Unclassified Rhizobiaceae
JUb46	Rhizobium	Unclassified	Unclassified	Unclassified	Unclassified	Unclassified
JUb47	Frigoribacterium sp.	Actinomycetota	Actinomycetes	Micrococcales	Microbacteriaceae	Frigoribacterium
JUb48	Microbacterium sp.	Actinomycetota	Actinomycetes	Micrococcales	Microbacteriaceae	Microbacterium
JUb49	Paracoccus yeei 	Pseudomonadota	Alphaproteobacteria	Rhodobacterales	Paracoccaceae	Paracoccus
JUb50	Paenibacillus 	Bacillota	Bacilli	Bacillales	Paenibacillaceae	Paenibacillus
JUb51	Frigoribacterium sp.	Actinomycetota	Actinomycetes	Micrococcales	Microbacteriaceae	Glaciihabitans
JUb52	Pseudomonas_B oryzihabitans	Pseudomonadota	Gammaproteobacteria	Pseudomonadales	Pseudomonadaceae	Pseudomonas
JUb53	Rahnella variigena	Pseudomonadota	Gammaproteobacteria	Enterobacterales	Yersiniaceae	Serratia
JUb54	Klebsiella terrigena	Pseudomonadota	Gammaproteobacteria	Enterobacterales	Enterobacteriaceae	Raoultella
JUb55	Leuconostoc sp.	Bacillota	Bacilli	Lactobacillales	Lactobacillaceae	Leuconostoc
JUb56	Sphingobacterium kitahiroshimense	Bacteroidota	Sphingobacteriia	Sphingobacteriales	Sphingobacteriaceae	Sphingobacterium
JUb57	Acinetobacter sp.	Pseudomonadota	Gammaproteobacteria	Moraxellales	Moraxellaceae	Acinetobacter
JUb58	Comamonas sp.	Pseudomonadota	Betaproteobacteria	Burkholderiales	Comamonadaceae	Comamonas
JUb59	Lactococcus sp.	Bacillota	Bacilli	Lactobacillales	Streptococcaceae	Lactococcus
JUb60	Micrococcus sp.	Actinomycetota	Actinomycetes	Micrococcales	Micrococcaceae	Micrococcus
JUb61	Bacillus mycoides	Bacillota	Bacilli	Bacillales	Bacillaceae	Bacillus
JUb62	Lactococcus sp.	Bacillota	Bacilli	Lactobacillales	Streptococcaceae	Lactococcus
JUb63	Leuconostoc sp.	Bacillota	Bacilli	Lactobacillales	Lactobacillaceae	Leuconostoc
JUb65	Curtobacterium flaccumfaciens_B	Actinomycetota	Actinomycetes	Micrococcales	Microbacteriaceae	Curtobacterium
JUb66	Lelliottia amnigena	Pseudomonadota	Gammaproteobacteria	Enterobacterales	Enterobacteriaceae	Lelliottia
JUb67	Lactococcus sp.	Bacillota	Bacilli	Lactobacillales	Streptococcaceae	Lactococcus
JUb68	Acinetobacter sp.	Pseudomonadota	Gammaproteobacteria	Moraxellales	Moraxellaceae	Acinetobacter
JUb69	Pseudomonas sp.	Pseudomonadota	Gammaproteobacteria	Pseudomonadales	Pseudomonadaceae	Pseudomonas
JUb70	Frateuria sp.	Pseudomonadota	Gammaproteobacteria	Xanthomonadales	Rhodanobacteraceae	Frateuria
JUb71	Enterobacter  sp.	Pseudomonadota	Gammaproteobacteria	Enterobacterales	Enterobacteriaceae	Unclassified Enterobacteriaceae
JUb73	Paenibacillus sp.	Bacillota	Bacilli	Bacillales	Paenibacillaceae	Paenibacillus
JUb74	Microbacterium sp.	Actinomycetota	Actinomycetes	Micrococcales	Microbacteriaceae	Microbacterium
JUb75	Microbacterium sp.	Actinomycetota	Actinomycetes	Micrococcales	Microbacteriaceae	Microbacterium
JUb76	Microbacterium sp.	Actinomycetota	Actinomycetes	Micrococcales	Microbacteriaceae	Microbacterium
JUb77	Curtobacterium	Unclassified	Unclassified	Unclassified	Unclassified	Unclassified
JUb78	Sphingobacterium kitahiroshimense	Bacteroidota	Sphingobacteriia	Sphingobacteriales	Sphingobacteriaceae	Sphingobacterium
JUb79	Sphingobacterium 	Bacteroidota	Sphingobacteriia	Sphingobacteriales	Sphingobacteriaceae	Sphingobacterium
JUb80	Acinetobacter sp.	Pseudomonadota	Gammaproteobacteria	Moraxellales	Moraxellaceae	Acinetobacter
JUb81	Acinetobacter sp.	Pseudomonadota	Gammaproteobacteria	Moraxellales	Moraxellaceae	Acinetobacter
JUb82	Acinetobacter sp.	Pseudomonadota	Gammaproteobacteria	Moraxellales	Moraxellaceae	Acinetobacter
JUb83	Rhodococcus erythropolis	Actinomycetota	Actinomycetes	Mycobacteriales	Nocardiaceae	Rhodococcus
JUb84	Microbacterium sp.	Actinomycetota	Actinomycetes	Micrococcales	Microbacteriaceae	Microbacterium
JUb85	Pseudomonas putida	Pseudomonadota	Gammaproteobacteria	Pseudomonadales	Pseudomonadaceae	Pseudomonas
JUb86	Sphingobacterium 	Bacteroidota	Sphingobacteriia	Sphingobacteriales	Sphingobacteriaceae	Sphingobacterium
JUb87	Buttiauxella ferragutiae	Pseudomonadota	Gammaproteobacteria	Enterobacterales	Enterobacteriaceae	Buttiauxella
JUb88	Paracoccus sp.	Pseudomonadota	Alphaproteobacteria	Rhodobacterales	Paracoccaceae	Paracoccus
JUb89	Acinetobacter calcoaceticus_D	Pseudomonadota	Gammaproteobacteria	Moraxellales	Moraxellaceae	Acinetobacter
JUb90	Microbacterium phyllosphaerae	Actinomycetota	Actinomycetes	Micrococcales	Microbacteriaceae	Microbacterium
JUb91	Bacillus_A toyonensis	Bacillota	Bacilli	Bacillales	Bacillaceae	Bacillus
JUb92	Paracoccus sp.	Pseudomonadota	Alphaproteobacteria	Rhodobacterales	Paracoccaceae	Paracoccus
JUb93	Pseudomonas putida	Pseudomonadota	Gammaproteobacteria	Pseudomonadales	Pseudomonadaceae	Pseudomonas
JUb94	Sphingobacterium 	Bacteroidota	Sphingobacteriia	Sphingobacteriales	Sphingobacteriaceae	Sphingobacterium
JUb95	Pseudomonas sp.	Pseudomonadota	Gammaproteobacteria	Pseudomonadales	Pseudomonadaceae	Pseudomonas
JUb96	Pseudomonas vranovensis	Pseudomonadota	Gammaproteobacteria	Pseudomonadales	Pseudomonadaceae	Pseudomonas
JUb97	Lactococcus sp.	Bacillota	Bacilli	Lactobacillales	Streptococcaceae	Lactococcus
JUb98	Providencia sp.	Pseudomonadota	Gammaproteobacteria	Enterobacterales	Morganellaceae	Providencia
JUb99	Raoultella sp.	Pseudomonadota	Gammaproteobacteria	Enterobacterales	Enterobacteriaceae	Raoultella
JUb100	Pseudomonas sp.	Pseudomonadota	Gammaproteobacteria	Pseudomonadales	Pseudomonadaceae	Pseudomonas
JUb101	Lelliottia amnigena	Pseudomonadota	Gammaproteobacteria	Enterobacterales	Enterobacteriaceae	Lelliottia
JUb102	Providencia  alcalifaciens	Pseudomonadota	Gammaproteobacteria	Enterobacterales	Morganellaceae	Providencia
JUb103	Enterobacter  sp.	Pseudomonadota	Gammaproteobacteria	Enterobacterales	Enterobacteriaceae	Unclassified Enterobacteriaceae
JUb104	Achromobacter spanius	Pseudomonadota	Betaproteobacteria	Burkholderiales	Alcaligenaceae	Unclassified Alcaligenaceae
JUb105	Enterobacter  sp.	Pseudomonadota	Gammaproteobacteria	Enterobacterales	Enterobacteriaceae	Unclassified Enterobacteriaceae
JUb106	Proteus sp.	Pseudomonadota	Gammaproteobacteria	Enterobacterales	Morganellaceae	Proteus
JUb107	Acinetobacter sp.	Pseudomonadota	Gammaproteobacteria	Moraxellales	Moraxellaceae	Acinetobacter
JUb108	Acinetobacter sp.	Pseudomonadota	Gammaproteobacteria	Moraxellales	Moraxellaceae	Acinetobacter
JUb109	Acinetobacter sp.	Pseudomonadota	Gammaproteobacteria	Moraxellales	Moraxellaceae	Acinetobacter
JUb110	Acinetobacter sp.	Pseudomonadota	Gammaproteobacteria	Moraxellales	Moraxellaceae	Acinetobacter
JUb111	Leucobacter aridicollis	Actinomycetota	Actinomycetes	Micrococcales	Microbacteriaceae	Leucobacter
JUb112	Bacillus mycoides	Bacillota	Bacilli	Bacillales	Bacillaceae	Bacillus
JUb113	Bacillus sp.	Bacillota	Bacilli	Bacillales	Bacillaceae	Bacillus
JUb114	Pseudomonas sp.	Pseudomonadota	Gammaproteobacteria	Pseudomonadales	Pseudomonadaceae	Pseudomonas
JUb115	Glutamicibacter sp002979865	Actinomycetota	Actinomycetes	Micrococcales	Micrococcaceae	Glutamicibacter
JUb116	Bacillus	Unclassified	Unclassified	Unclassified	Unclassified	Unclassified
JUb117	Citrobacter gillenii	Pseudomonadota	Gammaproteobacteria	Enterobacterales	Enterobacteriaceae	Citrobacter
JUb118	Acinetobacter sp.	Pseudomonadota	Gammaproteobacteria	Moraxellales	Moraxellaceae	Acinetobacter
JUb119	Glutamicibacter sp002979865	Actinomycetota	Actinomycetes	Micrococcales	Micrococcaceae	Glutamicibacter
JUb120	Leuconostoc sp.	Bacillota	Bacilli	Lactobacillales	Lactobacillaceae	Leuconostoc
JUb121	Unclassified	Unclassified	Unclassified	Unclassified	Unclassified	Unclassified
JUb122	Micrococcus sp.	Actinomycetota	Actinomycetes	Micrococcales	Micrococcaceae	Micrococcus
JUb126	Acetobacter sp.	Pseudomonadota	Alphaproteobacteria	Rhodospirillales	Acetobacteraceae	Acetobacter
JUb127	Gluconobacter sp.	Pseudomonadota	Alphaproteobacteria	Rhodospirillales	Acetobacteraceae	Gluconobacter
JUb128	Gluconobacter sp.	Pseudomonadota	Alphaproteobacteria	Rhodospirillales	Acetobacteraceae	Gluconobacter
JUb129	Chryseobacterium nematophagum	Bacteroidota	Flavobacteriia	Flavobacteriales	Weeksellaceae	Chryseobacterium
JUb130	Erwinia tasmaniensis	Pseudomonadota	Gammaproteobacteria	Enterobacterales	Erwiniaceae	Erwinia
JUb131	Rhodococcus globerulus	Actinomycetota	Actinomycetes	Mycobacteriales	Nocardiaceae	Rhodococcus
JUb132	Erwinia rhapontici	Pseudomonadota	Gammaproteobacteria	Enterobacterales	Erwiniaceae	Erwinia
JUb133	Pseudoclavibacter helvolus	Actinomycetota	Actinomycetes	Micrococcales	Microbacteriaceae	Pseudoclavibacter
JUb134	Sphingomonas molluscorum	Pseudomonadota	Alphaproteobacteria	Sphingomonadales	Sphingomonadaceae	Sphingomonas
JUb135	Pseudomonas oryzihabitans	Pseudomonadota	Gammaproteobacteria	Pseudomonadales	Pseudomonadaceae	Pseudomonas
JUb136	Pseudomonas putida	Pseudomonadota	Gammaproteobacteria	Pseudomonadales	Pseudomonadaceae	Pseudomonas
JUb137	Pseudomonas fluorescens	Pseudomonadota	Gammaproteobacteria	Pseudomonadales	Pseudomonadaceae	Pseudomonas
JUb138	Ochrobactrum thiophenivorans	Pseudomonadota	Alphaproteobacteria	Hyphomicrobiales	Brucellaceae	Ochrobactrum
JUb139	Pseudomonas putida	Pseudomonadota	Gammaproteobacteria	Pseudomonadales	Pseudomonadaceae	Pseudomonas
JUb140	Staphylococcus equorum	Bacillota	Bacilli	Bacillales	Staphylococcaceae	Staphylococcus
JUb141	Paenibacillus amylolyticus	Bacillota	Bacilli	Bacillales	Paenibacillaceae	Paenibacillus
JUb142	Acetobacter aceti	Pseudomonadota	Alphaproteobacteria	Rhodospirillales	Acetobacteraceae	Acetobacter
JUb143	Cohnella xylanilytica	Bacillota	Bacilli	Bacillales	Paenibacillaceae	Cohnella
JUb144	Stenotrophomonas rhizophila	Pseudomonadota	Gammaproteobacteria	Xanthomonadales	Xanthomonadaceae	Stenotrophomonas
JUb145	Lelliottia nimipressuralis	Pseudomonadota	Gammaproteobacteria	Enterobacterales	Enterobacteriaceae	Lelliottia
JUb146	Rhodococcus erythropolis	Actinomycetota	Actinomycetes	Mycobacteriales	Nocardiaceae	Rhodococcus
JUb147	Dyella thiooxydans	Pseudomonadota	Gammaproteobacteria	Xanthomonadales	Rhodanobacteraceae	Unclassified Rhodanobacteraceae
JUb148	Rhodococcus erythropolis	Actinomycetota	Actinomycetes	Mycobacteriales	Nocardiaceae	Rhodococcus
JUb149	Staphylococcus pasteuri	Bacillota	Bacilli	Bacillales	Staphylococcaceae	Staphylococcus
JUb151	Rhodococcus jialingiae	Actinomycetota	Actinomycetes	Mycobacteriales	Nocardiaceae	Rhodococcus
JUb152	Arthrobacter nitroguajacolicus	Actinomycetota	Actinomycetes	Micrococcales	Micrococcaceae	Paenarthrobacter
JUb153	Staphylococcus equorum	Bacillota	Bacilli	Bacillales	Staphylococcaceae	Staphylococcus
JUb154	Bacillus aerius	Bacillota	Bacilli	Bacillales	Bacillaceae	Bacillus
JUb155	Micrococcus yunnanensis	Actinomycetota	Actinomycetes	Micrococcales	Micrococcaceae	Micrococcus
JUb156	Lelliottia nimipressuralis	Pseudomonadota	Gammaproteobacteria	Enterobacterales	Enterobacteriaceae	Lelliottia
JUb157	Filimonas lacunae	Bacteroidota	Chitinophagia	Chitinophagales	Chitinophagaceae	Taibaiella
JUb158	Mycobacterium setense	Actinomycetota	Actinomycetes	Mycobacteriales	Mycobacteriaceae	Mycobacterium
JUb159	Acetobacter nitrogenifigens	Pseudomonadota	Alphaproteobacteria	Rhodospirillales	Acetobacteraceae	Acetobacter
JUb160	Stenotrophomonas rhizophila	Pseudomonadota	Gammaproteobacteria	Xanthomonadales	Xanthomonadaceae	Stenotrophomonas
JUb161	Acetobacter papayae	Pseudomonadota	Alphaproteobacteria	Rhodospirillales	Acetobacteraceae	Acetobacter
JUb162	Tanticharoenia sakaeratensis	Pseudomonadota	Alphaproteobacteria	Rhodospirillales	Acetobacteraceae	Unclassified Acetobacteraceae
JUb163	Lelliottia nimipressuralis	Pseudomonadota	Gammaproteobacteria	Enterobacterales	Enterobacteriaceae	Lelliottia
JUb164	Bacillus aerius	Bacillota	Bacilli	Bacillales	Bacillaceae	Bacillus
JUb165	Comamonas koreensis	Pseudomonadota	Betaproteobacteria	Burkholderiales	Comamonadaceae	Comamonas
JUb166	Flavobacterium banpakuense	Bacteroidota	Flavobacteriia	Flavobacteriales	Flavobacteriaceae	Flavobacterium
JUb168	Pseudomonas psychrotolerans	Pseudomonadota	Gammaproteobacteria	Pseudomonadales	Pseudomonadaceae	Pseudomonas
JUb169	Filimonas lacunae	Bacteroidota	Chitinophagia	Chitinophagales	Chitinophagaceae	Taibaiella
JUb170	Sphingobacterium cladoniae	Bacteroidota	Sphingobacteriia	Sphingobacteriales	Sphingobacteriaceae	Sphingobacterium
JUb171	Flavobacterium banpakuense	Bacteroidota	Flavobacteriia	Flavobacteriales	Flavobacteriaceae	Flavobacterium
JUb172	Lelliottia nimipressuralis	Pseudomonadota	Gammaproteobacteria	Enterobacterales	Enterobacteriaceae	Lelliottia
JUb173	Staphylococcus equorum	Bacillota	Bacilli	Bacillales	Staphylococcaceae	Staphylococcus
JUb174	Mycetocola lacteus	Actinomycetota	Actinomycetes	Micrococcales	Microbacteriaceae	Unclassified Microbacteriaceae
JUb175	Delftia acidovorans	Pseudomonadota	Betaproteobacteria	Burkholderiales	Comamonadaceae	Delftia
JUb176	Pseudomonas tolaasii	Pseudomonadota	Gammaproteobacteria	Pseudomonadales	Pseudomonadaceae	Pseudomonas
JUb177	Pseudomonas tolaasii	Pseudomonadota	Gammaproteobacteria	Pseudomonadales	Pseudomonadaceae	Pseudomonas
JUb178	Comamonas koreensis	Pseudomonadota	Betaproteobacteria	Burkholderiales	Comamonadaceae	Comamonas
JUb179	Bacillus altitudinis	Bacillota	Bacilli	Bacillales	Bacillaceae	Bacillus
JUb180	Bacillus aerius	Bacillota	Bacilli	Bacillales	Bacillaceae	Bacillus
JUb181	Sphingomonas mucosissima	Pseudomonadota	Alphaproteobacteria	Sphingomonadales	Sphingomonadaceae	Sphingomonas
JUb182	Rathayibacter caricis	Actinomycetota	Actinomycetes	Micrococcales	Microbacteriaceae	Rathayibacter
JUb183	Rhodococcus cerastrii	Actinomycetota	Actinomycetes	Mycobacteriales	Nocardiaceae	Rhodococcus
JUb184	Tanticharoenia sakaeratensis	Pseudomonadota	Alphaproteobacteria	Rhodospirillales	Acetobacteraceae	Unclassified Acetobacteraceae
JUb185	Bacillus sp.	Bacillota	Bacilli	Bacillales	Bacillaceae	Bacillus
JUb186	Enterobacter cancerogenus	Pseudomonadota	Gammaproteobacteria	Enterobacterales	Enterobacteriaceae	Enterobacter
JUb187	Micrococcus yunnanensis	Actinomycetota	Actinomycetes	Micrococcales	Micrococcaceae	Micrococcus
JUb188	Micrococcus yunnanensis	Actinomycetota	Actinomycetes	Micrococcales	Micrococcaceae	Micrococcus
JUb189	Micrococcus yunnanensis	Actinomycetota	Actinomycetes	Micrococcales	Micrococcaceae	Micrococcus
JUb190	Lysinibacillus fusiformis	Bacillota	Bacilli	Bacillales	Bacillaceae	Lysinibacillus
JUb191	Gordonia terrae	Actinomycetota	Actinomycetes	Mycobacteriales	Gordoniaceae	Gordonia
JUb192	Bacillus sp.	Bacillota	Bacilli	Bacillales	Bacillaceae	Bacillus
JUb193	Mycobacterium frederiksbergense	Actinomycetota	Actinomycetes	Mycobacteriales	Mycobacteriaceae	Mycobacterium
JUb194	Ancylobacter abiegnus	Pseudomonadota	Alphaproteobacteria	Hyphomicrobiales	Xanthobacteraceae	Ancylobacter
JUb195	Microbacterium oxydans	Actinomycetota	Actinomycetes	Micrococcales	Microbacteriaceae	Microbacterium
JUb196	Acinetobacter lwoffii	Pseudomonadota	Gammaproteobacteria	Moraxellales	Moraxellaceae	Acinetobacter
JUb197	Bacillus pumilus	Bacillota	Bacilli	Bacillales	Bacillaceae	Bacillus
JUb198	Microbacterium flavescens	Actinomycetota	Actinomycetes	Micrococcales	Microbacteriaceae	Microbacterium
JUb199	Streptomyces pratensis	Actinomycetota	Actinomycetes	Kitasatosporales	Streptomycetaceae	Streptomyces
JUb200	Bosea robiniae	Pseudomonadota	Alphaproteobacteria	Hyphomicrobiales	Boseaceae	Bosea
JUb201	Ochrobactrum thiophenivorans	Pseudomonadota	Alphaproteobacteria	Hyphomicrobiales	Brucellaceae	Ochrobactrum
JUb202	Lelliottia amnigena	Pseudomonadota	Gammaproteobacteria	Enterobacterales	Enterobacteriaceae	Lelliottia
JUb203	Paenibacillus odorifer	Bacillota	Bacilli	Bacillales	Paenibacillaceae	Paenibacillus
JUb204	Citrobacter gillenii	Pseudomonadota	Gammaproteobacteria	Enterobacterales	Enterobacteriaceae	Unclassified Enterobacteriaceae
JUb205	Staphylococcus epidermidis	Bacillota	Bacilli	Bacillales	Staphylococcaceae	Staphylococcus
JUb206	Paenibacillus odorifer	Bacillota	Bacilli	Bacillales	Paenibacillaceae	Paenibacillus
JUb207	Staphylococcus capitis	Bacillota	Bacilli	Bacillales	Staphylococcaceae	Staphylococcus
JUb208	Ewingella americana	Pseudomonadota	Gammaproteobacteria	Enterobacterales	Yersiniaceae	Serratia
JUb209	Microvirga aerilata	Pseudomonadota	Alphaproteobacteria	Hyphomicrobiales	Methylobacteriaceae	Microvirga
JUb210	Nocardia salmonicida	Actinomycetota	Actinomycetes	Mycobacteriales	Nocardiaceae	Nocardia
JUb211	Bacillus toyonensis	Bacillota	Bacilli	Bacillales	Bacillaceae	Bacillus
JUb212	Stenotrophomonas maltophilia	Pseudomonadota	Gammaproteobacteria	Xanthomonadales	Xanthomonadaceae	Stenotrophomonas
JUb214	Ameyamaea chiangmaiensis	Pseudomonadota	Alphaproteobacteria	Rhodospirillales	Acetobacteraceae	Unclassified Acetobacteraceae
JUb216	Leuconostoc pseudomesenteroides	Bacillota	Bacilli	Lactobacillales	Lactobacillaceae	Leuconostoc
JUb217	Stenotrophomonas maltophilia	Pseudomonadota	Gammaproteobacteria	Xanthomonadales	Xanthomonadaceae	Stenotrophomonas
JUb218	Ochrobactrum pseudogrignonense	Pseudomonadota	Alphaproteobacteria	Hyphomicrobiales	Brucellaceae	Ochrobactrum
JUb219	Agromyces terreus	Actinomycetota	Actinomycetes	Micrococcales	Microbacteriaceae	Agromyces
JUb220	Kocuria rhizophila	Actinomycetota	Actinomycetes	Micrococcales	Micrococcaceae	Kocuria
JUb221	Ochrobactrum pseudogrignonense	Pseudomonadota	Alphaproteobacteria	Hyphomicrobiales	Brucellaceae	Ochrobactrum
JUb222	Gordonia terrae	Actinomycetota	Actinomycetes	Mycobacteriales	Gordoniaceae	Gordonia
JUb223	Ochrobactrum thiophenivorans	Pseudomonadota	Alphaproteobacteria	Hyphomicrobiales	Rhizobiaceae	Unclassified Rhizobiaceae
JUb224	Lactococcus lactis	Bacillota	Bacilli	Lactobacillales	Streptococcaceae	Lactococcus
JUb225	Ewingella americana	Pseudomonadota	Gammaproteobacteria	Enterobacterales	Yersiniaceae	Serratia
JUb226	Stenotrophomonas maltophilia	Pseudomonadota	Gammaproteobacteria	Xanthomonadales	Xanthomonadaceae	Stenotrophomonas
JUb227	Hafnia paralvei	Pseudomonadota	Gammaproteobacteria	Enterobacterales	Yersiniaceae	Unclassified Yersiniaceae
JUb228	Pseudomonas rhizosphaerae	Pseudomonadota	Gammaproteobacteria	Pseudomonadales	Pseudomonadaceae	Pseudomonas
JUb229	Komagataeibacter europaeus	Pseudomonadota	Alphaproteobacteria	Rhodospirillales	Acetobacteraceae	Komagataeibacter
JUb230	Kluyvera intermedia	Pseudomonadota	Gammaproteobacteria	Enterobacterales	Enterobacteriaceae	Kluyvera
JUb231	Kluyvera intermedia	Pseudomonadota	Gammaproteobacteria	Enterobacterales	Enterobacteriaceae	Kluyvera
JUb232	Chryseobacterium sp.	Bacteroidota	Flavobacteriia	Flavobacteriales	Weeksellaceae	Chryseobacterium
JUb232	Chryseobacterium indoltheticum	Bacteroidota	Flavobacteriia	Flavobacteriales	Weeksellaceae	Chryseobacterium
JUb233	Stenotrophomonas maltophilia	Pseudomonadota	Gammaproteobacteria	Xanthomonadales	Xanthomonadaceae	Stenotrophomonas
JUb234	Stenotrophomonas maltophilia	Pseudomonadota	Gammaproteobacteria	Xanthomonadales	Xanthomonadaceae	Stenotrophomonas
JUb236	Leuconostoc pseudomesenteroides	Bacillota	Bacilli	Lactobacillales	Lactobacillaceae	Leuconostoc
JUb237	Bacillus aerius	Bacillota	Bacilli	Bacillales	Bacillaceae	Bacillus
JUb238	Bacillus aerius	Bacillota	Bacilli	Bacillales	Bacillaceae	Bacillus
JUb239	Pseudomonas fragi	Pseudomonadota	Gammaproteobacteria	Pseudomonadales	Pseudomonadaceae	Pseudomonas
JUb240	Obesumbacterium proteus	Pseudomonadota	Gammaproteobacteria	Enterobacterales	Yersiniaceae	Serratia
JUb241	Acetobacter sp.	Pseudomonadota	Alphaproteobacteria	Rhodospirillales	Acetobacteraceae	Acetobacter
JUb242	Acetobacter aceti	Pseudomonadota	Alphaproteobacteria	Rhodospirillales	Acetobacteraceae	Acetobacter
JUb243	Obesumbacterium proteus	Pseudomonadota	Gammaproteobacteria	Enterobacterales	Yersiniaceae	Serratia
JUb244	Acetobacter aceti	Pseudomonadota	Alphaproteobacteria	Rhodospirillales	Acetobacteraceae	Acetobacter
JUb245	Rhodococcus corynebacterioides	Actinomycetota	Actinomycetes	Mycobacteriales	Nocardiaceae	Rhodococcus
JUb246	Acetobacter aceti	Pseudomonadota	Alphaproteobacteria	Rhodospirillales	Acetobacteraceae	Acetobacter
JUb247	Acetobacter aceti	Pseudomonadota	Alphaproteobacteria	Rhodospirillales	Acetobacteraceae	Acetobacter
JUb248	Acetobacter aceti	Pseudomonadota	Alphaproteobacteria	Rhodospirillales	Acetobacteraceae	Acetobacter
JUb249	Pseudomonas rhizosphaerae	Pseudomonadota	Gammaproteobacteria	Pseudomonadales	Pseudomonadaceae	Pseudomonas
JUb250	Asaia spathodeae	Pseudomonadota	Alphaproteobacteria	Rhodospirillales	Acetobacteraceae	Asaia
JUb251	Acetobacter persicus	Pseudomonadota	Alphaproteobacteria	Rhodospirillales	Acetobacteraceae	Acetobacter
JUb253	Acetobacter persicus	Pseudomonadota	Alphaproteobacteria	Rhodospirillales	Acetobacteraceae	Acetobacter
JUb254	Leuconostoc pseudomesenteroides	Bacillota	Bacilli	Lactobacillales	Lactobacillaceae	Leuconostoc
JUb255	Staphylococcus warneri	Bacillota	Bacilli	Bacillales	Staphylococcaceae	Staphylococcus
JUb256	Ochrobactrum pseudogrignonense	Pseudomonadota	Alphaproteobacteria	Hyphomicrobiales	Rhizobiaceae	Unclassified Rhizobiaceae
JUb257	Ochrobactrum pseudogrignonense	Pseudomonadota	Alphaproteobacteria	Hyphomicrobiales	Brucellaceae	Ochrobactrum
JUb258	Stenotrophomonas maltophilia	Pseudomonadota	Gammaproteobacteria	Xanthomonadales	Xanthomonadaceae	Stenotrophomonas
JUb259	Acinetobacter schindleri	Pseudomonadota	Gammaproteobacteria	Moraxellales	Moraxellaceae	Acinetobacter
JUb260	Rhodococcus fascians	Actinomycetota	Actinomycetes	Mycobacteriales	Nocardiaceae	Rhodococcus
JUb261	Staphylococcus haemolyticus	Bacillota	Bacilli	Bacillales	Staphylococcaceae	Staphylococcus
JUb262	Paracoccus yeei	Pseudomonadota	Alphaproteobacteria	Rhodobacterales	Paracoccaceae	Paracoccus
JUb263	Paenibacillus borealis	Bacillota	Bacilli	Bacillales	Paenibacillaceae	Paenibacillus
JUb264	Paenibacillus borealis	Bacillota	Bacilli	Bacillales	Paenibacillaceae	Paenibacillus
JUb265	Acinetobacter lwoffii	Pseudomonadota	Gammaproteobacteria	Moraxellales	Moraxellaceae	Acinetobacter
JUb266	Acinetobacter sp.	Pseudomonadota	Gammaproteobacteria	Moraxellales	Moraxellaceae	Acinetobacter
JUb267	Chryseobacterium shigense	Bacteroidota	Flavobacteriia	Flavobacteriales	Weeksellaceae	Chryseobacterium
JUb268	Klebsiella sp.	Pseudomonadota	Gammaproteobacteria	Enterobacterales	Enterobacteriaceae	Unclassified Enterobacteriaceae
JUb269	Pseudomonas fluorescens	Pseudomonadota	Gammaproteobacteria	Pseudomonadales	Pseudomonadaceae	Pseudomonas
JUb270	Chryseobacterium shigense	Bacteroidota	Flavobacteriia	Flavobacteriales	Weeksellaceae	Chryseobacterium
JUb271	Pseudomonas putida	Pseudomonadota	Gammaproteobacteria	Pseudomonadales	Pseudomonadaceae	Pseudomonas
JUb272	Pseudomonas oryzihabitans	Pseudomonadota	Gammaproteobacteria	Pseudomonadales	Pseudomonadaceae	Pseudomonas
JUb273	Stenotrophomonas maltophilia	Pseudomonadota	Gammaproteobacteria	Xanthomonadales	Xanthomonadaceae	Stenotrophomonas
JUb274	Ochrobactrum sp.	Pseudomonadota	Alphaproteobacteria	Hyphomicrobiales	Brucellaceae	Ochrobactrum
JUb275	Chryseobacterium nematophagum	Bacteroidota	Flavobacteriia	Flavobacteriales	Weeksellaceae	Chryseobacterium
MSPm1	 Pseudomonas berkeleyensis	Pseudomonadota	Gammaproteobacteria	Pseudomonadales	Pseudomonadaceae	Pseudomonas
MYb1	Pseudomonas lurida	Pseudomonadota	Gammaproteobacteria	Pseudomonadales	Pseudomonadaceae	Pseudomonas
MYb2	Pseudomonas sp.	Pseudomonadota	Gammaproteobacteria	Pseudomonadales	Pseudomonadaceae	Pseudomonas
MYb3	Pseudomonas sp.	Pseudomonadota	Gammaproteobacteria	Pseudomonadales	Pseudomonadaceae	Pseudomonas
MYb4	Pseudomonas lurida	Pseudomonadota	Gammaproteobacteria	Pseudomonadales	Pseudomonadaceae	Pseudomonas
MYb5	Escherichia coli 	Pseudomonadota	Gammaproteobacteria	Enterobacterales	Enterobacteriaceae	Shigella
MYb6	Ochrobactrum pituitosum	Pseudomonadota	Alphaproteobacteria	Hyphomicrobiales	Brucellaceae	Ochrobactrum
MYb7	Chryseobacterium sp.	Bacteroidota	Flavobacteriia	Flavobacteriales	Weeksellaceae	Chryseobacterium
MYb8	Comamonas koreensis	Pseudomonadota	Betaproteobacteria	Burkholderiales	Alcaligenaceae	Unclassified Alcaligenaceae
MYb9	Achromobacter sp.	Pseudomonadota	Betaproteobacteria	Burkholderiales	Alcaligenaceae	Unclassified Alcaligenaceae
MYb10	Acinetobacter guillouiae	Pseudomonadota	Gammaproteobacteria	Moraxellales	Moraxellaceae	Acinetobacter
MYb11	Pseudomonas lurida	Pseudomonadota	Gammaproteobacteria	Pseudomonadales	Pseudomonadaceae	Pseudomonas
MYb12	Pseudomonas lurida	Pseudomonadota	Gammaproteobacteria	Pseudomonadales	Pseudomonadaceae	Pseudomonas
MYb13	Pseudomonas sp.	Pseudomonadota	Gammaproteobacteria	Pseudomonadales	Pseudomonadaceae	Pseudomonas
MYb14	Ochrobactrum pituitosum	Pseudomonadota	Alphaproteobacteria	Hyphomicrobiales	Brucellaceae	Ochrobactrum
MYb15	Ochrobactrum pituitosum	Pseudomonadota	Alphaproteobacteria	Hyphomicrobiales	Brucellaceae	Ochrobactrum
MYb16	Pseudomonas lurida	Pseudomonadota	Gammaproteobacteria	Pseudomonadales	Pseudomonadaceae	Pseudomonas
MYb17	Pseudomonas lurida	Pseudomonadota	Gammaproteobacteria	Pseudomonadales	Pseudomonadaceae	Pseudomonas
MYb18	Ochrobactrum pituitosum	Pseudomonadota	Alphaproteobacteria	Hyphomicrobiales	Brucellaceae	Ochrobactrum
MYb19	Ochrobactrum pituitosum	Pseudomonadota	Alphaproteobacteria	Hyphomicrobiales	Brucellaceae	Ochrobactrum
MYb20	Pseudomonas lurida	Pseudomonadota	Gammaproteobacteria	Pseudomonadales	Pseudomonadaceae	Pseudomonas
MYb21	Comamonas sp. B-9	Pseudomonadota	Betaproteobacteria	Burkholderiales	Comamonadaceae	Comamonas
MYb22	Pseudomonas lurida	Pseudomonadota	Gammaproteobacteria	Pseudomonadales	Pseudomonadaceae	Pseudomonas
MYb23	Arthrobacter sp.	Actinomycetota	Actinomycetes	Micrococcales	Micrococcaceae	Paenarthrobacter
MYb24	Microbacterium sp.	Actinomycetota	Actinomycetes	Micrococcales	Microbacteriaceae	Microbacterium
MYb25	Chryseobacterium culicis 	Bacteroidota	Flavobacteriia	Flavobacteriales	Weeksellaceae	Chryseobacterium
MYb26	Brevundimonas bullata	Actinomycetota	Actinomycetes	Micrococcales	Micrococcaceae	Paenarthrobacter
MYb27	Brevundimonas sp.	Actinomycetota	Actinomycetes	Micrococcales	Micrococcaceae	Paenarthrobacter
MYb28	Brevundimonas sp. CBG_LBI36	Pseudomonadota	Alphaproteobacteria	Caulobacterales	Caulobacteraceae	Brevundimonas
MYb29	Ochrobactrum pituitosum	Pseudomonadota	Alphaproteobacteria	Hyphomicrobiales	Brucellaceae	Ochrobactrum
MYb30	Microbacterium sp. A5.3	Actinomycetota	Actinomycetes	Micrococcales	Microbacteriaceae	Microbacterium
MYb31	Brevundimonas sp.	Pseudomonadota	Alphaproteobacteria	Caulobacterales	Caulobacteraceae	Brevundimonas
MYb32	Microbacterium sp.	Actinomycetota	Actinomycetes	Micrococcales	Microbacteriaceae	Microbacterium
MYb33	Brevundimonas sp.	Pseudomonadota	Alphaproteobacteria	Caulobacterales	Caulobacteraceae	Brevundimonas
MYb34	Variovorax sp. LC391	Pseudomonadota	Betaproteobacteria	Burkholderiales	Comamonadaceae	Variovorax
MYb36	Microbacterium sp. BBCT30	Actinomycetota	Actinomycetes	Micrococcales	Microbacteriaceae	Microbacterium
MYb37	Ochrobactrum pseudogrignonense	Bacillota	Bacilli	Bacillales	Bacillaceae	Bacillus
MYb38	Brevundimonas bullata	Pseudomonadota	Alphaproteobacteria	Caulobacterales	Caulobacteraceae	Brevundimonas
MYb39	Pseudomonas sp. R-41739	Pseudomonadota	Gammaproteobacteria	Pseudomonadales	Pseudomonadaceae	Pseudomonas
MYb40	Microbacterium sp.	Actinomycetota	Actinomycetes	Micrococcales	Microbacteriaceae	Microbacterium
MYb41	Chryseobacterium culicis	Bacteroidota	Flavobacteriia	Flavobacteriales	Weeksellaceae	Chryseobacterium
MYb42	Brevundimonas bullata	Pseudomonadota	Alphaproteobacteria	Caulobacterales	Caulobacteraceae	Brevundimonas
MYb43	Microbacterium sp.	Actinomycetota	Actinomycetes	Micrococcales	Microbacteriaceae	Microbacterium
MYb44	Chryseobacterium culicis	Bacteroidota	Flavobacteriia	Flavobacteriales	Weeksellaceae	Chryseobacterium
MYb45	Microbacterium sp.	Actinomycetota	Actinomycetes	Micrococcales	Microbacteriaceae	Microbacterium
MYb46	Brevundimonas sp.	Pseudomonadota	Alphaproteobacteria	Caulobacterales	Caulobacteraceae	Brevundimonas
MYb47	Brevundimonas bullata	Pseudomonadota	Alphaproteobacteria	Caulobacterales	Caulobacteraceae	Brevundimonas
MYb48	Peribacillus frigoritolerans	Bacillota	Bacilli	Bacillales	Bacillaceae	Bacillus
MYb49	Ochrobactrum anthropi	Pseudomonadota	Alphaproteobacteria	Hyphomicrobiales	Rhizobiaceae	Unclassified Rhizobiaceae
MYb50	Microbacterium sp.	Actinomycetota	Actinomycetes	Micrococcales	Microbacteriaceae	Microbacterium
MYb51	Arthrobacter sp.	Actinomycetota	Actinomycetes	Micrococcales	Micrococcaceae	Paenarthrobacter
MYb52	Brevundimonas sp.	Actinomycetota	Actinomycetes	Mycobacteriales	Nocardiaceae	Rhodococcus
MYb53	Rhodococcus erythropolis	Actinomycetota	Actinomycetes	Mycobacteriales	Nocardiaceae	Rhodococcus
MYb54	Microbacterium sp.	Actinomycetota	Actinomycetes	Micrococcales	Microbacteriaceae	Microbacterium
MYb55	Comamonas sp. B-9	Bacillota	Bacilli	Bacillales	Bacillaceae	Bacillus
MYb56	Bacillus_A mycoides	Bacillota	Bacilli	Bacillales	Bacillaceae	Bacillus
MYb57	Stenotrophomonas indicatrix	Pseudomonadota	Gammaproteobacteria	Xanthomonadales	Xanthomonadaceae	Stenotrophomonas
MYb58	Ochrobactrum pseudogrignonense	Pseudomonadota	Alphaproteobacteria	Hyphomicrobiales	Brucellaceae	Ochrobactrum
MYb59	Bacillus sp. DU164(2010)	Bacillota	Bacilli	Bacillales	Paenibacillaceae	Paenibacillus
MYb60	Pseudomonas sp.	Pseudomonadota	Gammaproteobacteria	Pseudomonadales	Pseudomonadaceae	Pseudomonas
MYb61	Brevundimonas diminuta	Pseudomonadota	Alphaproteobacteria	Caulobacterales	Caulobacteraceae	Brevundimonas
MYb62	Microbacterium sp.	Actinomycetota	Actinomycetes	Micrococcales	Microbacteriaceae	Microbacterium
MYb63	Paenibacillus amylolyticus_B	Bacillota	Bacilli	Bacillales	Paenibacillaceae	Paenibacillus
MYb64	Microbacterium azadirachtae_A	Actinomycetota	Actinomycetes	Micrococcales	Microbacteriaceae	Microbacterium
MYb65	Stenotrophomonas sp. Toyama-1	Pseudomonadota	Gammaproteobacteria	Xanthomonadales	Xanthomonadaceae	Stenotrophomonas
MYb66	Microbacterium sp.	Actinomycetota	Actinomycetes	Micrococcales	Microbacteriaceae	Microbacterium
MYb67	Paenibacillus amylolyticus_B	Bacillota	Bacilli	Bacillales	Paenibacillaceae	Paenibacillus
MYb68	Ochrobactrum pituitosum	Pseudomonadota	Alphaproteobacteria	Hyphomicrobiales	Brucellaceae	Ochrobactrum
MYb69	Comamonas sp. TK41	Pseudomonadota	Alphaproteobacteria	Hyphomicrobiales	Brucellaceae	Ochrobactrum
MYb70	Ochrobactrum pseudogrignonense	Pseudomonadota	Alphaproteobacteria	Hyphomicrobiales	Brucellaceae	Ochrobactrum
MYb71	Ochrobactrum vermis	Pseudomonadota	Alphaproteobacteria	Hyphomicrobiales	Brucellaceae	Ochrobactrum
MYb72	Microbacterium sp.	Pseudomonadota	Betaproteobacteria	Burkholderiales	Alcaligenaceae	Unclassified Alcaligenaceae
MYb73	Achromobacter spanius	Pseudomonadota	Betaproteobacteria	Burkholderiales	Alcaligenaceae	Unclassified Alcaligenaceae
MYb74	Stenotrophomonas sp. 2P1G2	Unclassified	Unclassified	Unclassified	Unclassified	Unclassified
MYb75	Pseudomonas trivialis	Pseudomonadota	Gammaproteobacteria	Pseudomonadales	Pseudomonadaceae	Pseudomonas
MYb76	Brevundimonas diminuta	Pseudomonadota	Alphaproteobacteria	Caulobacterales	Caulobacteraceae	Brevundimonas
MYb77	Leuconostoc pseudomesenteroides	Bacillota	Bacilli	Bacillales	Bacillaceae	Bacillus
MYb78	Bacillus_A thuringiensis	Bacillota	Bacilli	Bacillales	Bacillaceae	Bacillus
MYb79	Leuconostoc pseudomesenteroides	Bacillota	Bacilli	Lactobacillales	Lactobacillaceae	Leuconostoc
MYb81	Leuconostoc pseudomesenteroides	Bacillota	Bacilli	Lactobacillales	Lactobacillaceae	Leuconostoc
MYb83	Leuconostoc pseudomesenteroides	Bacillota	Bacilli	Lactobacillales	Lactobacillaceae	Leuconostoc
MYb85	Leuconostoc pseudomesenteroides	Bacillota	Bacilli	Lactobacillales	Lactobacillaceae	Leuconostoc
MYb86	Pseudomonas sp. enrichment culture clone C8	Pseudomonadota	Gammaproteobacteria	Pseudomonadales	Pseudomonadaceae	Pseudomonas
MYb87	Pseudomonas lurida	Pseudomonadota	Gammaproteobacteria	Pseudomonadales	Pseudomonadaceae	Pseudomonas
MYb88	Chryseobacterium sp. UV-B2	Bacteroidota	Flavobacteriia	Flavobacteriales	Weeksellaceae	Chryseobacterium
MYb89	Pseudomonas lurida	Pseudomonadota	Gammaproteobacteria	Pseudomonadales	Pseudomonadaceae	Pseudomonas
MYb90	Ochrobactrum sp. QW41	Pseudomonadota	Alphaproteobacteria	Hyphomicrobiales	Brucellaceae	Ochrobactrum
MYb91	Ochrobactrum sp. BS30	Pseudomonadota	Alphaproteobacteria	Hyphomicrobiales	Brucellaceae	Ochrobactrum
MYb92	Pseudomonas lurida	Pseudomonadota	Gammaproteobacteria	Pseudomonadales	Pseudomonadaceae	Pseudomonas
MYb94	Chryseobacterium sp. WT1	Bacteroidota	Flavobacteriia	Flavobacteriales	Weeksellaceae	Chryseobacterium
MYb95	Pseudomonas lurida	Pseudomonadota	Gammaproteobacteria	Pseudomonadales	Pseudomonadaceae	Pseudomonas
MYb96	Escherichia coli	Pseudomonadota	Gammaproteobacteria	Enterobacterales	Enterobacteriaceae	Shigella
MYb97	Escherichia coli	Pseudomonadota	Gammaproteobacteria	Enterobacterales	Enterobacteriaceae	Shigella
MYb98	Pseudomonas lurida	Pseudomonadota	Gammaproteobacteria	Pseudomonadales	Pseudomonadaceae	Pseudomonas
MYb99	Escherichia coli	Pseudomonadota	Gammaproteobacteria	Enterobacterales	Enterobacteriaceae	Shigella
MYb100	Pseudomonas lurida	Pseudomonadota	Gammaproteobacteria	Pseudomonadales	Pseudomonadaceae	Pseudomonas
MYb101	Escherichia coli	Pseudomonadota	Gammaproteobacteria	Enterobacterales	Enterobacteriaceae	Shigella
MYb102	Ochrobactrum sp. LC206	Pseudomonadota	Alphaproteobacteria	Hyphomicrobiales	Brucellaceae	Ochrobactrum
MYb103	Ochrobactrum sp. MU5-14	Pseudomonadota	Alphaproteobacteria	Hyphomicrobiales	Brucellaceae	Ochrobactrum
MYb104	Ochrobactrum sp. LC206	Pseudomonadota	Alphaproteobacteria	Hyphomicrobiales	Brucellaceae	Ochrobactrum
MYb105	Pseudomonas lurida	Pseudomonadota	Gammaproteobacteria	Pseudomonadales	Pseudomonadaceae	Pseudomonas
MYb106	Comamonas koreensis	Pseudomonadota	Betaproteobacteria	Burkholderiales	Comamonadaceae	Comamonas
MYb107	Pseudomonas sp. enrichment culture clone C8	Pseudomonadota	Gammaproteobacteria	Pseudomonadales	Pseudomonadaceae	Pseudomonas
MYb108	Acinetobacter guillouiae	Pseudomonadota	Gammaproteobacteria	Moraxellales	Moraxellaceae	Acinetobacter
MYb109	Pseudomonas lurida	Pseudomonadota	Gammaproteobacteria	Pseudomonadales	Pseudomonadaceae	Pseudomonas
MYb110	Pseudomonas lurida	Pseudomonadota	Gammaproteobacteria	Pseudomonadales	Pseudomonadaceae	Pseudomonas
MYb111	Escherichia coli	Pseudomonadota	Gammaproteobacteria	Enterobacterales	Enterobacteriaceae	Shigella
MYb112	Acinetobacter sp. C1(2013)	Pseudomonadota	Gammaproteobacteria	Moraxellales	Moraxellaceae	Acinetobacter
MYb113	Chryseobacterium sp. UV-B2	Bacteroidota	Flavobacteriia	Flavobacteriales	Weeksellaceae	Chryseobacterium
MYb114	Pseudomonas_E nabeulensis	Pseudomonadota	Gammaproteobacteria	Pseudomonadales	Pseudomonadaceae	Pseudomonas
MYb115	Pseudomonas sp.	Pseudomonadota	Gammaproteobacteria	Pseudomonadales	Pseudomonadaceae	Pseudomonas
MYb116	Pseudomonas azotoformans	Pseudomonadota	Gammaproteobacteria	Pseudomonadales	Pseudomonadaceae	Pseudomonas
MYb117	Pseudomonas_E nabeulensis	Pseudomonadota	Gammaproteobacteria	Pseudomonadales	Pseudomonadaceae	Pseudomonas
MYb118	Pseudomonas sp. R-41393	Pseudomonadota	Gammaproteobacteria	Pseudomonadales	Pseudomonadaceae	Pseudomonas
MYb119	Pseudomonas sp. R-41393	Pseudomonadota	Gammaproteobacteria	Pseudomonadales	Pseudomonadaceae	Pseudomonas
MYb120	Chryseobacterium sp. CHNTR56	Bacteroidota	Flavobacteriia	Flavobacteriales	Weeksellaceae	Chryseobacterium
MYb121	Erwinia billingiae	Pseudomonadota	Gammaproteobacteria	Enterobacterales	Erwiniaceae	Erwinia
MYb122	Comamonas sp. H	Pseudomonadota	Betaproteobacteria	Burkholderiales	Comamonadaceae	Comamonas
MYb123	Staphylococcus pasteuri	Bacillota	Bacilli	Bacillales	Staphylococcaceae	Staphylococcus
MYb124	Ochrobactrum sp. LC206	Pseudomonadota	Betaproteobacteria	Burkholderiales	Comamonadaceae	Comamonas
MYb131	Comamonas sp. 12022	Pseudomonadota	Betaproteobacteria	Burkholderiales	Comamonadaceae	Comamonas
MYb132	Comamonas sp. ARS185-11	Pseudomonadota	Betaproteobacteria	Burkholderiales	Comamonadaceae	Comamonas
MYb137	Escherichia coli 	Pseudomonadota	Gammaproteobacteria	Enterobacterales	Enterobacteriaceae	Shigella
MYb138	Enterobacter sp. Hg4-01	Pseudomonadota	Gammaproteobacteria	Enterobacterales	Unclassified Enterobacterales	Unclassified Enterobacterales
MYb139	Erwinia sp. INBio3690D	Pseudomonadota	Gammaproteobacteria	Enterobacterales	Enterobacteriaceae	Enterobacter
MYb140	Pseudomonas poae	Pseudomonadota	Gammaproteobacteria	Pseudomonadales	Pseudomonadaceae	Pseudomonas
MYb141	Erwinia billingiae	Pseudomonadota	Gammaproteobacteria	Enterobacterales	Erwiniaceae	Erwinia
MYb142	Enterobacter sp. Hg4-01	Pseudomonadota	Gammaproteobacteria	Enterobacterales	Unclassified Enterobacterales	Unclassified Enterobacterales
MYb143	Erwinia billingiae Eb661	Pseudomonadota	Gammaproteobacteria	Enterobacterales	Erwiniaceae	Erwinia
MYb144	Erwinia sp. INBio3690D	Pseudomonadota	Gammaproteobacteria	Enterobacterales	Enterobacteriaceae	Enterobacter
MYb145	Erwinia billingiae Eb661	Pseudomonadota	Gammaproteobacteria	Enterobacterales	Erwiniaceae	Erwinia
MYb146	Erwinia sp. INBio3690D	Pseudomonadota	Gammaproteobacteria	Enterobacterales	Enterobacteriaceae	Enterobacter
MYb147	Erwinia sp. INBio3690D	Pseudomonadota	Gammaproteobacteria	Enterobacterales	Unclassified Enterobacterales	Unclassified Enterobacterales
MYb148	Pseudomonas sp. Y4_144_4	Pseudomonadota	Gammaproteobacteria	Pseudomonadales	Pseudomonadaceae	Pseudomonas
MYb149	Erwinia sp. INBio3690D	Pseudomonadota	Gammaproteobacteria	Enterobacterales	Enterobacteriaceae	Enterobacter
MYb150	Chryseobacterium sp. SJ2FN2	Bacteroidota	Flavobacteriia	Flavobacteriales	Weeksellaceae	Chryseobacterium
MYb151	Chryseobacterium sp. SJ2FN2	Bacteroidota	Flavobacteriia	Flavobacteriales	Weeksellaceae	Chryseobacterium
MYb152	Erwinia sp. INBio3690D	Pseudomonadota	Gammaproteobacteria	Enterobacterales	Enterobacteriaceae	Enterobacter
MYb153	Enterobacter sp. Hg4-01	Pseudomonadota	Gammaproteobacteria	Enterobacterales	Unclassified Enterobacterales	Unclassified Enterobacterales
MYb158	Acinetobacter johnsonii	Pseudomonadota	Gammaproteobacteria	Moraxellales	Moraxellaceae	Acinetobacter
MYb159	Serratia liquefaciens	Unclassified	Unclassified	Unclassified	Unclassified	Unclassified
MYb160	Citrobacter freundii	Pseudomonadota	Gammaproteobacteria	Enterobacterales	Enterobacteriaceae	Citrobacter
MYb163	Enterococcus sp. GM-30	Bacillota	Bacilli	Lactobacillales	Enterococcaceae	Enterococcus
MYb164	Carnobacterium maltaromaticum	Bacillota	Bacilli	Lactobacillales	Carnobacteriaceae	Carnobacterium
MYb172	Lactococcus garvieae	Bacillota	Bacilli	Lactobacillales	Streptococcaceae	Lactococcus
MYb174	Enterobacter ludwigii	Pseudomonadota	Gammaproteobacteria	Enterobacterales	Enterobacteriaceae	Unclassified Enterobacteriaceae
MYb176	Enterobacter ludwigii	Pseudomonadota	Gammaproteobacteria	Enterobacterales	Enterobacteriaceae	Unclassified Enterobacteriaceae
MYb177	Acinetobacter sp. B2070	Pseudomonadota	Gammaproteobacteria	Moraxellales	Moraxellaceae	Acinetobacter
MYb178	Citrobacter freundii	Bacteroidota	Sphingobacteriia	Sphingobacteriales	Sphingobacteriaceae	Sphingobacterium
MYb181	Sphingobacterium faecium	Bacteroidota	Sphingobacteriia	Sphingobacteriales	Sphingobacteriaceae	Sphingobacterium
MYb182	Lactococcus garvieae	Bacillota	Bacilli	Lactobacillales	Streptococcaceae	Lactococcus
MYb184	Pseudomonas_E fluorescens_BV	Pseudomonadota	Gammaproteobacteria	Pseudomonadales	Pseudomonadaceae	Pseudomonas
MYb185	Pseudomonas_D sp002979975	Pseudomonadota	Gammaproteobacteria	Pseudomonadales	Pseudomonadaceae	Pseudomonas
MYb186	Enterobacter sp. 638	Pseudomonadota	Gammaproteobacteria	Pseudomonadales	Pseudomonadaceae	Pseudomonas
MYb187	Pseudomonas_E vranovensis	Pseudomonadota	Gammaproteobacteria	Pseudomonadales	Pseudomonadaceae	Pseudomonas
MYb188	Pseudomonas sp. W15Feb40A	Pseudomonadota	Gammaproteobacteria	Pseudomonadales	Pseudomonadaceae	Pseudomonas
MYb189	Comamonas sp. TK41	Pseudomonadota	Betaproteobacteria	Burkholderiales	Comamonadaceae	Comamonas
MYb190	Lactococcus garvieae	Bacillota	Bacilli	Lactobacillales	Streptococcaceae	Lactococcus
MYb191	Acinetobacter sp. 4D-W-22	Pseudomonadota	Gammaproteobacteria	Pseudomonadales	Pseudomonadaceae	Pseudomonas
MYb193	Pseudomonas_E fluorescens_BV	Pseudomonadota	Gammaproteobacteria	Pseudomonadales	Pseudomonadaceae	Pseudomonas
MYb207	Pseudomonas synxantha	Pseudomonadota	Gammaproteobacteria	Pseudomonadales	Pseudomonadaceae	Pseudomonas
MYb209	Bacillus sp.	Bacillota	Bacilli	Bacillales	Bacillaceae	Bacillus
MYb210	Sphingobacterium kitahiroshimense	Bacteroidota	Sphingobacteriia	Sphingobacteriales	Sphingobacteriaceae	Sphingobacterium
MYb211	Glutamicibacter sp002975405	Actinomycetota	Actinomycetes	Micrococcales	Micrococcaceae	Glutamicibacter
MYb212	Bacillus_A anthracis	Bacillota	Bacilli	Bacillales	Bacillaceae	Bacillus
MYb213	Glutamicibacter sp002979915	Actinomycetota	Actinomycetes	Micrococcales	Micrococcaceae	Unclassified Micrococcaceae
MYb214	Glutamicibacter sp002979865	Actinomycetota	Actinomycetes	Micrococcales	Micrococcaceae	Glutamicibacter
MYb215	Myroides marinus	Bacteroidota	Flavobacteriia	Flavobacteriales	Flavobacteriaceae	Myroides
MYb216	Glutamicibacter sp002975405	Actinomycetota	Actinomycetes	Micrococcales	Micrococcaceae	Glutamicibacter
MYb217	Carnobacterium maltaromaticum	Pseudomonadota	Gammaproteobacteria	Pseudomonadales	Pseudomonadaceae	Pseudomonas
MYb218	Pseudomonas flexibilis	Pseudomonadota	Gammaproteobacteria	Pseudomonadales	Pseudomonadaceae	Pseudomonas
MYb219	Carnobacterium maltaromaticum	Bacillota	Bacilli	Lactobacillales	Carnobacteriaceae	Carnobacterium
MYb220	Bacillus_A anthracis	Bacillota	Bacilli	Bacillales	Bacillaceae	Bacillus
MYb221	Glutamicibacter sp002975405	Actinomycetota	Actinomycetes	Micrococcales	Micrococcaceae	Glutamicibacter
MYb222	Glutamicibacter sp002979865	Actinomycetota	Actinomycetes	Micrococcales	Micrococcaceae	Glutamicibacter
MYb223	Carnobacterium maltaromaticum	Bacillota	Bacilli	Lactobacillales	Carnobacteriaceae	Carnobacterium
MYb224	Glutamicibacter sp002975405	Actinomycetota	Actinomycetes	Micrococcales	Micrococcaceae	Glutamicibacter
MYb225	Lactococcus garvieae	Bacillota	Bacilli	Lactobacillales	Streptococcaceae	Lactococcus
MYb226	Carnobacterium maltaromaticum	Bacillota	Bacilli	Lactobacillales	Carnobacteriaceae	Carnobacterium
MYb227	Paeniglutamicibacter sp002975435	Actinomycetota	Actinomycetes	Micrococcales	Micrococcaceae	Paeniglutamicibacter
MYb228	Carnobacterium maltaromaticum	Bacillota	Bacilli	Lactobacillales	Carnobacteriaceae	Carnobacterium
MYb229	Glutamicibacter sp002975405	Actinomycetota	Actinomycetes	Micrococcales	Micrococcaceae	Glutamicibacter
MYb230	Brevibacterium sp. EP11	Actinomycetota	Actinomycetes	Micrococcales	Brevibacteriaceae	Brevibacterium
MYb231	Carnobacterium maltaromaticum	Bacillota	Bacilli	Lactobacillales	Carnobacteriaceae	Carnobacterium
MYb232	Carnobacterium maltaromaticum	Bacillota	Bacilli	Lactobacillales	Carnobacteriaceae	Carnobacterium
MYb233	Brevibacterium sp. EP11	Actinomycetota	Actinomycetes	Micrococcales	Brevibacteriaceae	Brevibacterium
MYb234	Sporosarcina koreensis	Bacillota	Bacilli	Bacillales	Planococcaceae	Sporosarcina
MYb235	Carnobacterium maltaromaticum	Bacillota	Bacilli	Lactobacillales	Carnobacteriaceae	Carnobacterium
MYb236	Sinorhizobium sp. FUPSR1	Pseudomonadota	Alphaproteobacteria	Hyphomicrobiales	Brucellaceae	Pseudochrobactrum
MYb237	Ochrobactrum_A pseudogrignonensis	Pseudomonadota	Alphaproteobacteria	Hyphomicrobiales	Brucellaceae	Ochrobactrum
MYb238	Stenotrophomonas sp.	Pseudomonadota	Gammaproteobacteria	Xanthomonadales	Xanthomonadaceae	Stenotrophomonas
MYb239	Serratia_B rhizosphaerae	Pseudomonadota	Gammaproteobacteria	Enterobacterales	Yersiniaceae	Serratia
OP50	Escherichia coli 	Pseudomonadota	Gammaproteobacteria	Enterobacterales	Enterobacteriaceae	Shigella
PA14	Pseudomonas aeruginosa	Pseudomonadota	Gammaproteobacteria	Pseudomonadales	Pseudomonadaceae	Pseudomonas